particle_id,particle_type,vx,vy,vz,px,py,pz,q,nhits
1,-13,-2.94755,2.26269,164.216,-67553.5,-66922.2,-138670,1,13
2,-211,0.00598836,-0.0100263,-12.523,641.933,7262.88,-5112.32,-1,14
3,-211,0.00598836,-0.0100263,-12.523,-1010.74,1329.58,-12147.8,-1,15
4,211,0.00598836,-0.0100263,-12.523,-729.948,934.522,2124.68,1,14
6,-321,0.00598836,-0.0100263,-12.523,86.6833,-1224,-3277.49,-1,20
7,211,0.00598836,-0.0100263,-12.523,-737.186,745.819,-20818.8,1,16
8,321,0.00598836,-0.0100263,-12.523,2440.4,-2676.97,-3612.18,1,15
9,211,0.00598836,-0.0100263,-12.523,843.937,-1246.89,5011.98,1,24
10,-211,0.00598836,-0.0100263,-12.523,624.387,-866.564,2786.71,-1,20
11,2212,0.00598836,-0.0100263,-12.523,-1179.65,-660.634,-23021.1,1,20
12,211,0.00598836,-0.0100263,-12.523,-1413.65,414.475,1748.05,1,12
13,211,0.00598836,-0.0100263,-12.523,-988.584,-640.16,7090.61,1,17
14,2212,0.00598836,-0.0100263,-12.523,1099.6,709.43,1498.3,1,15
15,-211,0.00598836,-0.0100263,-12.523,1065.36,-864.152,-898.886,-1,14
16,211,0.00598836,-0.0100263,-12.523,681.941,1042.84,-1047.13,1,17
17,-211,-0.0384847,-0.00459646,55.0892,484.966,-1563.84,-16830.3,-1,15
18,-211,-0.0384847,-0.00459646,55.0892,421.1,-1204.96,-1111.26,-1,14
19,-211,-0.0384847,-0.00459646,55.0892,1021.4,-1568.06,20009.3,-1,10
21,211,-0.0384847,-0.00459646,55.0892,-163.43,-1105.74,8732.24,1,21
22,211,-0.0384847,-0.00459646,55.0892,-1171.98,143.482,5626.27,1,18
23,-211,-0.0384847,-0.00459646,55.0892,708.215,-1864.69,-9154.76,-1,16
24,2212,-0.0384847,-0.00459646,55.0892,-1126.85,1332.4,-44528.5,1,12
25,-211,-0.0384847,-0.00459646,55.0892,936.407,-758.662,-641.851,-1,13
26,211,-0.0384847,-0.00459646,55.0892,-176.852,2096.15,736.912,1,15
27,-211,-0.0384847,-0.00459646,55.0892,847.372,1941.2,42788.3,-1,14
28,211,-0.0384847,-0.00459646,55.0892,970.111,1371.81,18161.7,1,12
29,211,-0.0384847,-0.00459646,55.0892,-963.047,1129.48,20109.7,1,12
30,-2212,-0.0384847,-0.00459646,55.0892,-529.337,1134.17,12531.1,-1,21
31,2212,-0.0384847,-0.00459646,55.0892,1116.72,-767.525,16019,1,11
32,211,-0.0384847,-0.00459646,55.0892,1436.48,-445.608,7262.5,1,17
33,321,-0.0384847,-0.00459646,55.0892,-1396.31,-1460.88,8682.83,1,20
34,-211,-0.0384847,-0.00459646,55.0892,-2119.54,-874.394,8156.17,-1,9
35,211,-0.0384847,-0.00459646,55.0892,781.623,855.759,-27176.5,1,20
36,211,-0.0384847,-0.00459646,55.0892,40.0202,1001.65,-1982.27,1,15
37,211,-0.0384847,-0.00459646,55.0892,302.47,-1158.93,-3428.57,1,19
38,-211,-0.0384847,-0.00459646,55.0892,-179.559,-1124.46,-1780.03,-1,12
39,211,-0.0384847,-0.00459646,55.0892,576.655,-835.108,-10292.7,1,14
40,211,-0.0384847,-0.00459646,55.0892,1953.88,-676.874,-23364.8,1,8
41,211,-0.0384847,-0.00459646,55.0892,994.777,-231.426,25414.9,1,11
42,211,-0.0384847,-0.00459646,55.0892,-360.209,-1161.08,-1855.98,1,12
43,211,-0.0384847,-0.00459646,55.0892,-1022.26,-1045.57,-3445.68,1,16
44,-211,-0.0384847,-0.00459646,55.0892,-636.061,-802.908,18055.3,-1,11
45,211,-0.0384847,-0.00459646,55.0892,1110.05,123.742,-13418.5,1,13
46,211,-0.0384847,-0.00459646,55.0892,707.079,737.514,-5143.38,1,21
47,211,-0.0384847,-0.00459646,55.0892,1057.65,-855.262,-870.078,1,13
48,-211,-0.0384847,-0.00459646,55.0892,1585.81,692.803,-27.0099,-1,13
51,-211,-0.0384847,-0.00459646,55.0892,-616.331,1880.82,18492.9,-1,11
53,321,-0.0384847,-0.00459646,55.0892,381.782,1244.1,1849.81,1,13
54,-211,-0.0384847,-0.00459646,55.0892,803.255,752.438,-25757.4,-1,22
55,-211,-0.0384847,-0.00459646,55.0892,-860.904,-941.641,-4927.18,-1,23
57,211,-0.0384847,-0.00459646,55.0892,229.391,-1293.21,2060.83,1,18
59,-321,-0.0384847,-0.00459646,55.0892,-213.913,1052.8,1233.98,-1,15
60,-211,0.00892295,-0.00592621,103.942,873.118,-526.477,10604.9,-1,13
61,211,0.00892295,-0.00592621,103.942,-1235.5,224.828,-11148.1,1,21
62,2212,0.00892295,-0.00592621,103.942,1100,48.5845,-1642.66,1,11
63,211,0.00892295,-0.00592621,103.942,1099.93,1027.44,-10097,1,12
64,-211,0.00892295,-0.00592621,103.942,-1458.03,135.444,-20195.9,-1,12
65,-211,0.00892295,-0.00592621,103.942,893.733,517.798,22930.7,-1,13
66,211,0.00892295,-0.00592621,103.942,575.647,-910.924,15304.4,1,15
67,211,-0.0023521,0.0193582,-45.0247,2683.85,4976.62,-66637.5,1,16
68,321,-0.0023521,0.0193582,-45.0247,332.686,1381.82,-2294.65,1,15
69,211,-0.0023521,0.0193582,-45.0247,948.59,981.904,-10675.4,1,18
70,-321,-0.0023521,0.0193582,-45.0247,850.76,1337.93,-10598,-1,13
71,3112,-0.0023521,0.0193582,-45.0247,1965.7,-629.522,-49055.8,-1,11
72,2212,-0.0023521,0.0193582,-45.0247,-1271.42,798.288,1649.88,1,15
73,211,-0.0023521,0.0193582,-45.0247,813.735,-914.207,-1712.65,1,13
74,-211,-0.0023521,0.0193582,-45.0247,1058.86,41.3306,10323,-1,15
75,211,-0.0023521,0.0193582,-45.0247,1663.31,-1551.62,15200.2,1,22
76,-211,-0.0023521,0.0193582,-45.0247,-1614.84,459.51,-13713.6,-1,13
77,-211,-0.0023521,0.0193582,-45.0247,-1099.72,118.539,-8561.15,-1,13
78,211,-0.0023521,0.0193582,-45.0247,-804.921,675.523,-2401.95,1,18
79,-2212,-0.0023521,0.0193582,-45.0247,811.744,-602.676,374.393,-1,6
80,211,-0.0023521,0.0193582,-45.0247,1874.06,-1503.79,-1338.97,1,14
81,-321,-0.0023521,0.0193582,-45.0247,-1106.26,-1017.36,-106.325,-1,17
82,321,-0.0023521,0.0193582,-45.0247,-134.707,1180.63,-16648.4,1,16
83,-211,-0.0023521,0.0193582,-45.0247,-1163.33,41.2739,-7655.65,-1,15
84,-321,-0.0023521,0.0193582,-45.0247,-283.001,-1451.43,3773.31,-1,20
85,211,-0.0023521,0.0193582,-45.0247,-1086.25,972.015,20.0261,1,15
86,211,-0.0023521,0.0193582,-45.0247,1210.46,-825.037,-2162.03,1,15
87,211,-0.0023521,0.0193582,-45.0247,1435.9,1054.41,-6982.57,1,19
88,211,-0.0023521,0.0193582,-45.0247,-1724.61,-355.76,-1237.15,1,14
89,-211,-0.0023521,0.0193582,-45.0247,1739.28,-1092.3,16357.9,-1,16
91,2212,-0.0023521,0.0193582,-45.0247,-240.302,1255.36,3968.6,1,8
92,211,-0.0023521,0.0193582,-45.0247,-276.183,1325.83,1828.45,1,14
93,-2212,-0.0023521,0.0193582,-45.0247,-1147.07,1727.18,3069.79,-1,12
94,-211,-0.0023521,0.0193582,-45.0247,-491.957,1104.06,1361.78,-1,14
95,-211,-0.0023521,0.0193582,-45.0247,1661.33,-703.495,-127.707,-1,14
96,211,-0.0023521,0.0193582,-45.0247,-1215.92,-1457.47,365.827,1,15
97,-211,-0.0023521,0.0193582,-45.0247,-972.778,-389.549,-489.121,-1,13
98,-211,-0.0023521,0.0193582,-45.0247,1127.59,-1226.83,-33716,-1,19
99,2212,-0.0023521,0.0193582,-45.0247,-846.342,730.584,-10304.9,1,15
100,211,0.00811273,-0.00809284,30.5534,-1071.97,-59.3045,-23019,1,12
101,-211,0.00121231,0.0057527,-8.98474,-846.198,573.719,2971.97,-1,23
102,211,0.00731887,0.01764,74.1552,460.48,1033.08,-397.555,1,12
104,321,-0.00198063,-0.0174359,-76.5708,129.678,-1142.7,1396.17,1,11
105,211,-0.00198063,-0.0174359,-76.5708,1327.82,532.888,-4926.25,1,21
106,321,-0.00198063,-0.0174359,-76.5708,1023.05,2051.17,-12305.8,1,25
107,211,-0.012122,0.00469512,17.7733,180.453,1894.84,-435.557,1,15
109,-2212,-0.012122,0.00469512,17.7733,1128.15,-184.593,-808.707,-1,14
110,-211,-0.012122,0.00469512,17.7733,922.269,-1073.87,23916.7,-1,14
111,-321,-0.012122,0.00469512,17.7733,860.666,-2032.88,31521.2,-1,11
112,211,-0.012122,0.00469512,17.7733,-579.305,-1208.15,7480.62,1,25
113,-211,-0.012122,0.00469512,17.7733,1758.86,-40.8332,-12189.6,-1,16
114,-211,-0.012122,0.00469512,17.7733,1767.65,1.57458,-8425.78,-1,18
115,2212,-0.012122,0.00469512,17.7733,-570.948,979.904,-8752.27,1,20
116,-211,-0.012122,0.00469512,17.7733,232.177,-2205.77,-14777.3,-1,20
117,211,-0.012122,0.00469512,17.7733,1380.01,-57.8822,7428.76,1,18
118,321,-0.012122,0.00469512,17.7733,1310.22,-1223.76,-248.276,1,15
119,-211,-0.012122,0.00469512,17.7733,-756.019,1305.5,3187.17,-1,17
121,2212,-0.012122,0.00469512,17.7733,65.7679,2040.78,16899.2,1,14
122,211,-0.012122,0.00469512,17.7733,-1020.74,677.4,-944.075,1,16
123,-211,-0.012122,0.00469512,17.7733,-1165.69,-902.068,5205.18,-1,20
124,-211,-0.012122,0.00469512,17.7733,808.185,636.005,-12232.8,-1,9
125,-211,-0.012122,0.00469512,17.7733,-117.847,1126.54,-2051.69,-1,14
126,211,-0.012122,0.00469512,17.7733,-994.798,-569.258,-1014.23,1,15
127,-321,-0.012122,0.00469512,17.7733,-1294.61,-1464.97,-10528.7,-1,9
128,211,-0.012122,0.00469512,17.7733,2762.26,221.848,7663.04,1,20
129,211,-0.012122,0.00469512,17.7733,-1110.16,466.26,8572.16,1,18
130,-211,-0.012122,0.00469512,17.7733,-2347.39,-777.202,59270,-1,14
131,-211,-0.012122,0.00469512,17.7733,1347.24,-371.44,-2811.72,-1,15
132,211,-0.00696664,0.0133003,-38.8423,889.526,1037.37,13282.2,1,15
133,-211,-0.00696664,0.0133003,-38.8423,893.793,905.371,-5390.74,-1,22
134,-321,-0.00696664,0.0133003,-38.8423,1948.13,-1156.73,-7507.02,-1,22
135,211,-0.00696664,0.0133003,-38.8423,-810.679,653.41,-12530.9,1,10
136,211,-0.00696664,0.0133003,-38.8423,1065.17,-321.304,-28093.2,1,12
137,211,-0.00696664,0.0133003,-38.8423,618.504,851.834,-7805.55,1,16
138,321,-0.00696664,0.0133003,-38.8423,-1532.75,626.396,-10021.9,1,16
139,-211,-0.00696664,0.0133003,-38.8423,-1559.61,-670.654,293.322,-1,13
140,2212,-0.00696664,0.0133003,-38.8423,-1097.19,-85.5771,4282.38,1,6
142,211,-0.00696664,0.0133003,-38.8423,1026.88,-244.791,-10210.5,1,15
143,-211,-0.00696664,0.0133003,-38.8423,800.058,-1006.97,-30049.3,-1,11
144,-211,-0.00696664,0.0133003,-38.8423,803.304,1254.74,-8205.3,-1,18
145,-211,-0.00696664,0.0133003,-38.8423,-2696.25,-171.188,3140.46,-1,16
146,-211,-0.00696664,0.0133003,-38.8423,390.395,1634.01,5450.39,-1,23
147,211,-0.00696664,0.0133003,-38.8423,-276.225,2064.99,5255.3,1,22
148,211,-0.00696664,0.0133003,-38.8423,728.51,938.118,-6483.52,1,16
149,-211,-0.00696664,0.0133003,-38.8423,-0.252265,-1053.61,-22617.7,-1,10
150,321,0.00681773,-0.00990234,-1.8894,1834.06,167.017,3774.97,1,18
151,-211,0.00681773,-0.00990234,-1.8894,-1894.72,-1593.25,-2276.68,-1,14
152,321,0.00681773,-0.00990234,-1.8894,-2351.67,-1055.78,-2318.49,1,16
153,-211,0.00681773,-0.00990234,-1.8894,-1380.98,25.1615,-1904.85,-1,10
154,-211,0.00681773,-0.00990234,-1.8894,1328.46,-707.489,1509.91,-1,16
155,211,0.0079495,0.0140866,-10.1612,-1108.39,-1015.11,-27553.1,1,12
156,-211,0.0079495,0.0140866,-10.1612,-823.408,572.81,-1932.79,-1,14
157,211,0.0079495,0.0140866,-10.1612,-1032.66,444.633,-16797.4,1,17
158,-211,0.0079495,0.0140866,-10.1612,-1163.65,826.704,-17126.9,-1,11
159,2212,0.0079495,0.0140866,-10.1612,1003.11,-646.182,18157.2,1,13
160,-211,0.0079495,0.0140866,-10.1612,-429.241,-1041.15,10113.3,-1,12
161,-211,-0.00401138,-0.000100894,-47.5868,-211.853,986.731,-17697,-1,13
162,211,-0.000122265,-0.000591524,24.4545,929.27,961.714,1127.7,1,15
164,-211,-0.000122265,-0.000591524,24.4545,1334.2,1344.29,327.81,-1,13
165,-211,-0.000122265,-0.000591524,24.4545,-779.176,683.806,2347.65,-1,22
166,-321,-0.000122265,-0.000591524,24.4545,-656.872,-866.313,-24164.5,-1,11
167,-211,-0.000122265,-0.000591524,24.4545,917.44,1099.57,51.9671,-1,5
168,-211,-0.0350915,-0.00772055,-31.6977,-959.192,729.342,-1201.01,-1,14
169,-211,-0.0350915,-0.00772055,-31.6977,-1054.02,106.182,-6813.58,-1,18
170,211,0.0110135,0.0210975,14.5597,1032.57,926.856,-28237.9,1,11
171,321,0.0110135,0.0210975,14.5597,726.652,-1367.96,4725.27,1,23
172,-211,0.0110135,0.0210975,14.5597,1014.92,-1678.82,8302.36,-1,18
173,-211,0.0110135,0.0210975,14.5597,-978.131,-3173.71,-4975.16,-1,16
174,-211,0.0110135,0.0210975,14.5597,1283.76,720.056,5423.23,-1,21
175,-2212,0.0110135,0.0210975,14.5597,481.477,1456.64,2905.33,-1,14
176,211,0.0110135,0.0210975,14.5597,-229.286,1442.36,-1234.98,1,17
177,2212,0.0110135,0.0210975,14.5597,871.729,-923.224,1355.43,1,16
178,211,0.0110135,0.0210975,14.5597,515.622,1169.32,105.5,1,13
179,211,0.0110135,0.0210975,14.5597,-988.92,-1577.47,5242.34,1,20
180,-211,0.0110135,0.0210975,14.5597,-1141.79,-619.307,2146.4,-1,16
181,2212,0.0110135,0.0210975,14.5597,1326.32,-224.511,-5194.66,1,24
182,-211,0.0110135,0.0210975,14.5597,-1550.59,-2328.4,75645.1,-1,11
183,211,0.0110135,0.0210975,14.5597,-711.993,-1297.23,-2274.56,1,11
184,2212,0.0110135,0.0210975,14.5597,559.156,1608.04,44472.3,1,11
185,211,0.0110135,0.0210975,14.5597,824.807,787.762,6027.07,1,19
186,-211,0.0110135,0.0210975,14.5597,-887.525,1222,3418.3,-1,20
187,-211,0.0110135,0.0210975,14.5597,-743.876,-1021.23,-1919.14,-1,13
188,2212,4.65852,3.49839,20.5357,931.213,490.557,1147.99,1,14
189,211,0.0134368,0.00661366,30.0796,1016.39,-512.178,2759.74,1,20
190,-211,0.0134368,0.00661366,30.0796,985.023,948.324,-7699.32,-1,21
191,-211,0.0134368,0.00661366,30.0796,-1443.88,364.946,-2321.34,-1,13
192,211,0.0134368,0.00661366,30.0796,1290.41,568.092,-25458.1,1,14
193,-211,0.0134368,0.00661366,30.0796,943.906,-426.88,-5941.03,-1,17
194,211,0.0134368,0.00661366,30.0796,-462.766,1406.71,1589.78,1,14
195,211,0.0134368,0.00661366,30.0796,1258.97,-369.979,2239.4,1,15
196,-211,0.0134368,0.00661366,30.0796,-756.346,-708.034,4339.22,-1,23
197,-211,0.0134368,0.00661366,30.0796,-1141.35,-1164.05,1454.26,-1,13
198,211,-0.0123754,0.0177628,-27.5387,-630.514,-984.301,5046.41,1,19
199,-2212,-0.0123754,0.0177628,-27.5387,1326.37,617.991,6592.56,-1,22
200,211,-0.0123754,0.0177628,-27.5387,1070.58,-855.438,-267.706,1,16
201,-211,0.00153632,0.00302812,-66.1388,-508.762,-1522.82,-30704.1,-1,11
202,211,0.00153632,0.00302812,-66.1388,-327.122,1301.62,-17470.8,1,12
203,211,0.00153632,0.00302812,-66.1388,-863.677,677.673,646.852,1,14
204,321,0.00153632,0.00302812,-66.1388,-925.744,-518.047,-9971.91,1,17
205,321,0.00153632,0.00302812,-66.1388,-2369.26,-3433.21,-84959.7,1,12
206,-211,0.00153632,0.00302812,-66.1388,-566.561,-1230.53,-25757.1,-1,14
207,211,-0.000852587,0.00423519,30.4124,1231.15,352.953,-23801,1,13
208,211,-0.000852587,0.00423519,30.4124,3445.81,-52.2551,5431.74,1,13
209,-211,-0.000852587,0.00423519,30.4124,6055.79,4283.77,-98880.1,-1,8
210,211,-0.000852587,0.00423519,30.4124,1259.57,-49.9958,-13107.1,1,12
211,211,-0.000852587,0.00423519,30.4124,-764.561,-1550.66,-3154.94,1,16
213,211,-0.000852587,0.00423519,30.4124,-677.856,-1046.28,125.013,1,16
214,-321,-0.000852587,0.00423519,30.4124,-1079.78,-832.792,235.13,-1,15
215,2212,-0.000852587,0.00423519,30.4124,-395.91,-2949.18,1172.22,1,15
216,-2212,-0.000852587,0.00423519,30.4124,-32.8054,-2359.73,1803.68,-1,12
217,-211,-0.000852587,0.00423519,30.4124,1740.81,-234.316,3409.74,-1,17
218,2212,-0.000852587,0.00423519,30.4124,-40.7995,-1811.07,15783.6,1,13
219,-2212,-0.000852587,0.00423519,30.4124,1134.14,-1552.04,27712.7,-1,11
220,-211,-0.000852587,0.00423519,30.4124,1037.4,185.581,20304,-1,14
222,211,-0.000852587,0.00423519,30.4124,1267.33,517.275,4212.96,1,24
223,-211,-0.000852587,0.00423519,30.4124,806.834,831.119,1528.32,-1,15
224,211,-0.000852587,0.00423519,30.4124,-521.456,931.154,25162.2,1,18
225,-211,-0.000852587,0.00423519,30.4124,-1082.36,-229.303,19104.2,-1,11
226,-2212,-0.000852587,0.00423519,30.4124,1134.64,-139.944,22036.9,-1,16
227,-211,-0.000852587,0.00423519,30.4124,24.5409,1096.59,2722.01,-1,20
228,-211,-0.000852587,0.00423519,30.4124,699.995,1270.3,5036.13,-1,25
229,-211,-0.000852587,0.00423519,30.4124,1130,-489.071,-10106.9,-1,18
230,211,-0.000852587,0.00423519,30.4124,1859.17,636.875,-18660.1,1,15
231,-211,-0.000852587,0.00423519,30.4124,671.703,849.938,-10657.6,-1,12
232,-211,-0.000852587,0.00423519,30.4124,-798.579,-1228.47,-554.399,-1,14
233,211,-0.000852587,0.00423519,30.4124,-239.524,-996.387,-41.4162,1,15
234,211,-0.000852587,0.00423519,30.4124,-1089.26,1276.22,1172.64,1,16
235,-211,-0.000852587,0.00423519,30.4124,-306.523,1084.99,819.206,-1,13
236,-211,-0.000852587,0.00423519,30.4124,-1114.23,-1812.2,1076.06,-1,9
237,211,-0.000852587,0.00423519,30.4124,-629.113,-1043.77,1177.14,1,16
238,-211,-0.000852587,0.00423519,30.4124,-273.951,-1381.86,6036.06,-1,24
239,-211,-0.000852587,0.00423519,30.4124,-1014.2,-756.014,7133.36,-1,20
240,2212,-0.000852587,0.00423519,30.4124,730.388,-1771.04,22853.6,1,8
241,-211,-0.000852587,0.00423519,30.4124,652.007,-1381.6,18183.9,-1,20
242,-2212,-0.000852587,0.00423519,30.4124,70.9628,-1402.59,18776.3,-1,13
243,211,-0.000852587,0.00423519,30.4124,-345.14,-3483.91,34199.2,1,15
244,211,-0.000852587,0.00423519,30.4124,1533.91,-63.7994,9287.97,1,16
245,-211,-0.000852587,0.00423519,30.4124,1372.89,416.543,6338.81,-1,18
246,-211,-0.000852587,0.00423519,30.4124,1861.46,-141.887,4666.06,-1,19
248,-211,-0.000852587,0.00423519,30.4124,1036.8,589.71,3090.63,-1,20
249,2212,-0.000852587,0.00423519,30.4124,1164.76,1199.89,-256.228,1,14
250,211,-0.000852587,0.00423519,30.4124,1720.37,-79.3529,13323,1,13
251,321,-0.000852587,0.00423519,30.4124,1299.61,523.647,12918.4,1,14
252,211,-0.000852587,0.00423519,30.4124,-1765.52,702.514,9371.37,1,19
253,-211,-0.000852587,0.00423519,30.4124,-785.59,1254.12,2458.09,-1,17
254,211,-0.000852587,0.00423519,30.4124,-594.8,3159.49,4534.35,1,16
255,-211,-0.000852587,0.00423519,30.4124,-446.425,1702.59,2833.68,-1,14
256,-211,-0.000852587,0.00423519,30.4124,-1088.45,299.312,4369.14,-1,20
257,321,-0.0738123,-0.0762138,32.0444,-887.449,-953.779,16214.9,1,13
258,321,0.397883,0.984592,54.3654,746.743,1435.24,33352.9,1,18
259,-321,0.397883,0.984592,54.3654,655.112,1752.1,36217.7,-1,14
260,-211,-0.341586,-0.349652,37.1774,-1128.39,-1049.63,15234.6,-1,17
261,211,0.00121885,-0.0113507,-10.0248,-1256.92,-1312.35,-24467,1,21
262,-321,0.00575841,-0.0142517,121.18,717.505,-833.348,7111.93,-1,17
263,211,0.00575841,-0.0142517,121.18,-1236.86,-1277.74,3018.11,1,13
264,-211,0.00575841,-0.0142517,121.18,-1481.47,532.779,5848.79,-1,20
265,-211,0.00575841,-0.0142517,121.18,-2098.91,73.3818,181.995,-1,12
266,-321,0.00575841,-0.0142517,121.18,438.012,1528.12,-43152.7,-1,12
267,211,0.00575841,-0.0142517,121.18,-1436.87,401.37,-8294.66,1,18
268,2212,0.00575841,-0.0142517,121.18,37.7098,-1014.11,-1394.77,1,14
269,211,0.00575841,-0.0142517,121.18,1701.17,-1402,-5153.55,1,17
270,211,0.00575841,-0.0142517,121.18,67.7752,-1051.69,-22511.6,1,12
271,-211,0.00575841,-0.0142517,121.18,1172.65,203.688,719.409,-1,15
272,2212,0.00575841,-0.0142517,121.18,1168.41,-354.22,1944.2,1,16
273,-211,0.00575841,-0.0142517,121.18,-433.781,-3495.71,52860.6,-1,18
274,2212,0.00575841,-0.0142517,121.18,-1248.99,-1109.8,-6661.54,1,23
275,211,0.00575841,-0.0142517,121.18,-584.126,1173.36,9293.24,1,19
276,-211,0.00575841,-0.0142517,121.18,-517.704,-940.419,-595.561,-1,13
277,211,0.00575841,-0.0142517,121.18,-2054.76,-1070.62,1352.53,1,16
278,211,0.00575841,-0.0142517,121.18,-1753.91,-620.493,58.7048,1,17
279,-211,0.00575841,-0.0142517,121.18,-1922.74,337.458,-432.121,-1,13
280,-211,0.00575841,-0.0142517,121.18,-984.11,-902.836,-223.18,-1,10
281,211,0.00575841,-0.0142517,121.18,1122.6,-669.02,-2006.66,1,11
282,-211,0.00575841,-0.0142517,121.18,1047.94,-204.958,-2821.41,-1,18
283,-211,0.00575841,-0.0142517,121.18,996.175,-639.522,-2899.52,-1,19
284,321,0.00575841,-0.0142517,121.18,911.196,1237.23,-1676.34,1,15
285,2212,0.00575841,-0.0142517,121.18,183.618,1816.56,459.905,1,15
286,-211,0.00575841,-0.0142517,121.18,588.837,910.251,-11.0134,-1,15
287,2212,0.00575841,-0.0142517,121.18,301.743,-4700.52,69441.4,1,10
288,211,0.00575841,-0.0142517,121.18,-957.209,2516.3,20245.8,1,9
289,-211,0.00575841,-0.0142517,121.18,-887.309,-488.89,-3453.77,-1,10
290,211,0.00575841,-0.0142517,121.18,2148.86,-527.81,57719.2,1,8
291,321,0.00849676,-0.00652703,121.22,480.364,1334.89,7095.08,1,15
292,-321,0.00575841,-0.0142517,121.18,1229.55,-652.758,-1823.97,-1,13
293,211,0.00575841,-0.0142517,121.18,-144.868,1481.2,-2210.68,1,11
294,-211,0.00575841,-0.0142517,121.18,-424.244,1075.1,-1963,-1,14
295,-211,0.00575841,-0.0142517,121.18,1254.64,-1649.93,-9704.79,-1,22
296,211,0.622038,-0.128119,125.583,2213.44,-298.822,15481.3,1,18
297,-211,0.00849676,-0.00652703,121.22,1324.38,2756.31,13239.8,-1,13
298,211,0.00795416,0.0158332,64.8188,-1088.21,289.472,20556.7,1,10
299,321,0.015525,0.01028,-22.9809,-1077.92,177.22,4000.01,1,28
300,-211,0.00659365,-0.0198959,-6.6947,-1222.93,1185.17,-43477.5,-1,15
301,211,0.00659365,-0.0198959,-6.6947,-942.492,1187.44,-5054.88,1,5
302,321,0.00659365,-0.0198959,-6.6947,1101.26,-821.72,-5079.43,1,21
303,-211,0.00659365,-0.0198959,-6.6947,3526.95,-2114.79,-18511,-1,20
304,-211,-0.00131926,-0.0177108,-65.7272,1201.3,-243.332,4058.71,-1,7
305,-211,-0.00131926,-0.0177108,-65.7272,750.016,666.681,-5331.46,-1,13
306,-211,-0.00131926,-0.0177108,-65.7272,408.139,-1458.75,6654.48,-1,21
307,-211,-0.00131926,-0.0177108,-65.7272,-81.9206,1813.8,-1981.71,-1,13
308,211,-0.00131926,-0.0177108,-65.7272,-809.271,1282.41,1750.32,1,14
309,-321,-0.00131926,-0.0177108,-65.7272,-451.604,-930.369,-1483.52,-1,11
310,211,-0.00131926,-0.0177108,-65.7272,543.601,-925.841,5436.59,1,20
311,211,-0.00131926,-0.0177108,-65.7272,248.727,-1083.81,12863.8,1,18
312,211,-0.00131926,-0.0177108,-65.7272,620.823,2394.08,714.301,1,15
313,-211,-0.00131926,-0.0177108,-65.7272,-407.322,-942.676,529.438,-1,12
314,211,-0.00131926,-0.0177108,-65.7272,-1268.77,68.735,-1063.97,1,15
315,-211,0.00658211,0.00957472,-51.447,747.744,-678.05,-879.258,-1,14
316,211,0.00658211,0.00957472,-51.447,2782.49,-1059.68,-3314.32,1,14
317,211,0.0146684,0.00584322,-16.9867,-967.629,-957.088,-34573.6,1,18
318,211,-0.0195793,0.00933219,24.9981,722.522,1656.5,-7107.54,1,23
319,-211,-0.0195793,0.00933219,24.9981,440.621,1138,3925.16,-1,20
320,211,-0.0195793,0.00933219,24.9981,-1015.38,894.568,534.341,1,16
321,-211,-0.0195793,0.00933219,24.9981,-1175.61,492.901,1121.83,-1,13
322,-2212,-0.0285848,-0.0135754,50.849,1395.74,-35.0605,-140.587,-1,12
323,-211,-0.0285848,-0.0135754,50.849,-1221.58,-229.438,-12945.2,-1,16
324,-211,-0.0285848,-0.0135754,50.849,1017.02,-166.198,4114.86,-1,24
325,-211,-0.0285848,-0.0135754,50.849,977.911,-1042.17,-578.011,-1,14
326,-2212,-0.0285848,-0.0135754,50.849,-2132.64,-1738.3,-3344.93,-1,14
327,211,-0.0285848,-0.0135754,50.849,-450.24,3959.96,5517.65,1,13
328,-211,-0.0285848,-0.0135754,50.849,-289.911,1221.69,2002.41,-1,12
329,-2212,-0.0285848,-0.0135754,50.849,-537.241,1855.46,3124.53,-1,15
330,-211,-0.0285848,-0.0135754,50.849,458.034,932.728,-2359.88,-1,6
331,2212,-0.0285848,-0.0135754,50.849,-1069.45,-629.656,-2744.39,1,17
332,-211,-0.0285848,-0.0135754,50.849,-499.887,-1039.8,-7022.13,-1,16
333,-321,0.0062673,-0.0195844,-4.78117,1098.57,425.655,3894.11,-1,10
334,211,0.0062673,-0.0195844,-4.78117,-1963.73,297.016,-5474.51,1,23
335,-211,0.0062673,-0.0195844,-4.78117,-673.382,-770.386,-4642.3,-1,22
336,-2212,0.0062673,-0.0195844,-4.78117,1057.18,-595.365,28078.8,-1,18
337,-321,0.0062673,-0.0195844,-4.78117,1171.59,-833.471,-30645.8,-1,11
338,211,0.0062673,-0.0195844,-4.78117,1448.14,197.86,36968.9,1,17
339,-211,0.0062673,-0.0195844,-4.78117,1586.15,208.92,-4103.12,-1,21
340,2212,0.0062673,-0.0195844,-4.78117,1492.68,922.74,-8864.41,1,21
341,-211,0.0062673,-0.0195844,-4.78117,-933.07,1492.35,-2200.98,-1,15
342,-211,0.0062673,-0.0195844,-4.78117,149.411,-996.626,4612.99,-1,24
343,211,0.0062673,-0.0195844,-4.78117,885.13,784.421,-24358.1,1,12
344,211,0.0062673,-0.0195844,-4.78117,3058.09,-565.455,-7196.9,1,22
345,-211,0.0062673,-0.0195844,-4.78117,-1085.5,474.247,-2341.93,-1,13
346,211,0.0117217,0.0012766,-8.10898,1939.11,-564.93,-33482.3,1,13
347,-2212,0.0117217,0.0012766,-8.10898,989.607,203.158,13510.6,-1,14
348,211,0.0117217,0.0012766,-8.10898,-1323.78,-181.657,17509.2,1,18
349,211,0.0117217,0.0012766,-8.10898,779.465,673.163,18984.5,1,11
350,-211,0.00495875,-0.000837848,-55.8638,-924.326,563.15,1099.59,-1,16
351,-211,-0.00977214,-0.0130387,44.806,158.12,1640.45,-9344.25,-1,8
352,-211,-0.00977214,-0.0130387,44.806,269.159,-1159.77,23287.5,-1,11
353,2212,-0.00977214,-0.0130387,44.806,849.81,683.182,21722.5,1,10
354,211,-0.00977214,-0.0130387,44.806,-479.81,-1232.82,-6006.7,1,16
355,-211,-0.00977214,-0.0130387,44.806,-14.5489,-3195.48,-29113.1,-1,15
356,-2212,-0.00977214,-0.0130387,44.806,14.7593,2449.47,-16303.7,-1,17
357,211,-0.00977214,-0.0130387,44.806,555.914,1791.89,-6019.08,1,22
358,-211,-0.00977214,-0.0130387,44.806,-1535.48,1027.24,46971,-1,10
359,-211,-0.00977214,-0.0130387,44.806,-1003.73,-802.96,-2379.66,-1,12
360,-211,-0.00977214,-0.0130387,44.806,-300.509,-1348.62,-1094.36,-1,15
361,-2212,-0.00977214,-0.0130387,44.806,1273.36,815.35,16888,-1,12
362,211,-0.00977214,-0.0130387,44.806,-301.646,1186.69,-6623.37,1,19
363,211,-0.00977214,-0.0130387,44.806,153.676,1123.84,-6378.54,1,20
364,-211,-0.00977214,-0.0130387,44.806,-901.203,1691.68,-14163,-1,22
365,211,0.0199307,-0.0015289,15.3207,-1054.52,-485.347,1784.55,1,16
366,211,0.0199307,-0.0015289,15.3207,-1137.07,-501.946,3151.03,1,20
367,211,0.0199307,-0.0015289,15.3207,2470.75,-537.14,-51831.7,1,12
368,-211,0.0199307,-0.0015289,15.3207,-79.6222,-1383,2707.22,-1,13
369,2212,0.0199307,-0.0015289,15.3207,407.41,-956.163,695.878,1,10
370,-211,0.0199307,-0.0015289,15.3207,-1554.5,-410.256,-1258.4,-1,14
371,211,0.0199307,-0.0015289,15.3207,1153.34,1076.17,124.448,1,13
372,211,0.0199307,-0.0015289,15.3207,-947.59,538.7,568.82,1,13
373,211,0.0199307,-0.0015289,15.3207,-654.501,-1566.31,116.185,1,13
374,-211,0.0199307,-0.0015289,15.3207,-988.627,949.436,-30979.7,-1,18
375,-211,0.0199307,-0.0015289,15.3207,-1048,901.36,-6429.07,-1,20
376,321,0.0199307,-0.0015289,15.3207,141.4,1323.07,-4594.1,1,24
377,321,0.0199307,-0.0015289,15.3207,205.474,1003.96,-6241.75,1,17
378,-321,0.0199307,-0.0015289,15.3207,456.016,-1129.8,172.77,-1,12
379,211,0.0199307,-0.0015289,15.3207,-2582.78,1004.91,12130,1,15
380,-211,0.0199307,-0.0015289,15.3207,-1021.7,467.718,3182.15,-1,22
381,-211,0.0199307,-0.0015289,15.3207,-45.0015,2060.86,3592.77,-1,18
382,-211,0.0199307,-0.0015289,15.3207,1379.98,344.224,-13965.3,-1,16
383,-211,0.0199307,-0.0015289,15.3207,-807.722,742.425,-1077.66,-1,13
384,-211,0.0199307,-0.0015289,15.3207,-1549.14,836.963,-623.285,-1,14
385,211,0.0199307,-0.0015289,15.3207,-1422.6,566.893,68.0914,1,12
387,-211,0.0199307,-0.0015289,15.3207,-1829.11,-2336.23,-1307.2,-1,14
388,321,0.0199307,-0.0015289,15.3207,793.805,1032.55,15750.1,1,13
389,211,0.0199307,-0.0015289,15.3207,418.818,-997.618,-1293.47,1,13
390,2212,0.0199307,-0.0015289,15.3207,11.168,-3375.75,-1872.6,1,15
391,-211,0.0199307,-0.0015289,15.3207,1363.98,-392.909,7337.45,-1,16
392,321,0.00255494,0.0070561,-15.0449,249.33,2024.07,-520.355,1,15
393,211,0.00255494,0.0070561,-15.0449,428.521,1808.96,-2423.81,1,15
394,-211,0.00255494,0.0070561,-15.0449,-1117.96,1071.21,-12696.3,-1,13
395,-211,0.00255494,0.0070561,-15.0449,132.818,2299.36,52056,-1,12
396,211,0.00255494,0.0070561,-15.0449,-716.631,1342.21,23609.4,1,21
397,-211,0.00255494,0.0070561,-15.0449,234.679,1289.94,20550.5,-1,19
398,211,0.00255494,0.0070561,-15.0449,-1193.42,142.014,-23234.9,1,18
400,-211,0.00255494,0.0070561,-15.0449,-789.232,623.497,-6923.45,-1,15
401,-2212,0.00255494,0.0070561,-15.0449,788.968,-650.495,-6939.81,-1,15
402,-211,0.00902267,-0.00393879,-15.8399,-1312.86,-232.239,933.548,-1,14
403,211,0.00902267,-0.00393879,-15.8399,-779.855,1034.59,-15979.5,1,12
404,-2212,0.00902267,-0.00393879,-15.8399,20.0703,-1205.08,-30665.4,-1,10
405,211,0.00902267,-0.00393879,-15.8399,480.202,-1464.41,-1907.15,1,14
407,211,0.00902267,-0.00393879,-15.8399,965.768,784.669,2761.48,1,18
408,-2212,0.00902267,-0.00393879,-15.8399,864.342,720.303,2617.14,-1,20
409,-211,0.00902267,-0.00393879,-15.8399,-386.77,-931.688,-537.047,-1,13
410,-211,0.00902267,-0.00393879,-15.8399,647.904,849.395,4950.09,-1,19
411,211,0.00902267,-0.00393879,-15.8399,1180.76,-796.306,12293,1,17
412,211,0.00902267,-0.00393879,-15.8399,-908.991,-420.096,10801.3,1,15
413,-321,0.00902267,-0.00393879,-15.8399,299.85,-1046.83,1243.98,-1,12
414,211,0.00902267,-0.00393879,-15.8399,-591.151,-1331.04,2583.71,1,5
415,-211,0.00902267,-0.00393879,-15.8399,157.746,1184.34,1565.89,-1,17
416,2212,0.00902267,-0.00393879,-15.8399,1239.45,1010.27,1088.89,1,7
417,211,0.00902267,-0.00393879,-15.8399,1123.4,1071.29,792.76,1,13
418,211,0.00902267,-0.00393879,-15.8399,-48.9494,-1386.66,21572.7,1,12
419,2212,0.00902267,-0.00393879,-15.8399,70.0851,-1045.39,-1286,1,14
420,211,0.00902267,-0.00393879,-15.8399,221.124,-1847.24,-1658.92,1,15
421,211,0.00902267,-0.00393879,-15.8399,1019.65,1785,-3401.79,1,13
422,-211,0.00902267,-0.00393879,-15.8399,1251.42,1442.97,-2514.72,-1,15
423,-211,0.00902267,-0.00393879,-15.8399,183.402,1185.16,-2727.69,-1,22
424,211,0.00993702,0.00216543,-55.3393,688.675,-775.667,627.362,1,14
425,211,0.00993702,0.00216543,-55.3393,277.548,-1280.48,-381.074,1,14
426,-211,0.0158906,-0.00474222,90.1771,-221.826,1379.35,-1814.96,-1,14
427,211,0.00730878,-0.00838655,34.6834,-1601.69,-642.931,-10254,1,15
428,-211,-0.0142782,0.00224281,-88.3757,-1233.81,2130.52,-4741,-1,16
429,211,-0.0142782,0.00224281,-88.3757,2616.23,-1555.54,57807,1,14
430,2212,-0.0155043,0.00502567,-14.75,-556.235,-1408.03,-4257.13,1,20
431,-2212,-0.0155043,0.00502567,-14.75,-1594.5,-851.834,-4095.05,-1,13
432,-211,-0.0155043,0.00502567,-14.75,932.433,1248.74,1367.95,-1,16
433,-211,-0.0155043,0.00502567,-14.75,-191.44,-1171.34,-461.882,-1,14
434,-211,-0.00101641,0.0184146,33.3361,1075.77,-1255.24,-1042.88,-1,7
435,211,-0.00101641,0.0184146,33.3361,249.274,1255.13,601.902,1,16
436,211,-0.00101641,0.0184146,33.3361,556.016,1028.28,264.768,1,9
437,211,-0.00101641,0.0184146,33.3361,-1340.82,-49.2142,-1810.26,1,14
438,211,-0.00101641,0.0184146,33.3361,-435.3,-901.188,-1696.13,1,18
439,11,-0.00100499,0.0184604,33.3361,276.461,1006.25,206.558,-1,13
440,-2212,-0.053376,-2.7108,23.1003,-157.972,-3974.58,-15494,-1,21
441,211,0.0129426,-0.00174824,-23.4925,-877.23,-612.561,1405.39,1,15
442,211,8.41857,-2.69728,208.215,1128.73,-248.412,27326.7,1,12
444,321,-0.0105381,-0.00389286,33.4172,1124.67,534.075,-11514.8,1,18
448,-321,0.00171662,-0.018431,-27.4206,504.356,1725.02,26496.7,-1,12
451,321,0.00171662,-0.018431,-27.4206,-436.924,-1589.95,-4062.19,1,19
452,-211,0.00171662,-0.018431,-27.4206,379.321,978.739,-1011.11,-1,13
453,-211,0.00171662,-0.018431,-27.4206,33.0039,1129.46,-1689.62,-1,14
454,2212,0.00171662,-0.018431,-27.4206,241.167,1577.07,19929.9,1,19
455,211,0.00171662,-0.018431,-27.4206,433.786,1652.02,40271.1,1,11
456,211,0.00171662,-0.018431,-27.4206,-1113.73,202.639,28721.8,1,16
457,-211,0.00171662,-0.018431,-27.4206,-1053.47,-918.739,-3460.3,-1,18
458,-211,0.00171662,-0.018431,-27.4206,-1552.86,-3470.96,-9181.41,-1,19
459,211,0.00171662,-0.018431,-27.4206,-933.894,-1237.1,-3357.63,1,19
460,2212,0.0101256,0.00934583,-92.2379,273.476,-1463.41,356.988,1,15
461,3112,0.0101256,0.00934583,-92.2379,292.72,-2061.63,42.2434,-1,5
462,-211,0.00687959,-0.00849241,-72.8279,920.964,731.355,3929.07,-1,20
463,-211,0.00687959,-0.00849241,-72.8279,184.982,1684.12,1939.41,-1,15
464,-321,0.00687959,-0.00849241,-72.8279,-603.289,1404.08,-34991.1,-1,12
465,211,0.00687959,-0.00849241,-72.8279,305.654,-1242.01,1858.07,1,11
466,-211,0.00892483,0.0104249,76.8961,-959.623,-387.485,15596.5,-1,14
467,211,0.00892483,0.0104249,76.8961,31.2918,-1324.11,392.871,1,13
468,321,-0.00415994,0.023489,37.6219,-2562.69,2233.82,-25284.6,1,20
469,-211,-0.00415994,0.023489,37.6219,-907.615,462.151,5902.02,-1,22
470,-211,-0.00415994,0.023489,37.6219,-840.53,-1420.71,456.289,-1,15
471,-211,-0.00415994,0.023489,37.6219,1014.11,-550.927,7193.11,-1,24
473,-211,0.00497884,0.00732407,50.7667,2802.5,-269.137,44988.8,-1,14
474,321,0.00497884,0.00732407,50.7667,1994.41,495.179,31853.9,1,8
475,211,0.00497884,0.00732407,50.7667,-1281.27,-548.654,-17479.2,1,15
476,-211,0.00497884,0.00732407,50.7667,1559.25,450.727,-13095.6,-1,11
477,211,0.00497884,0.00732407,50.7667,615.845,-1041.14,2046.2,1,16
478,211,0.00497884,0.00732407,50.7667,-1171.53,-162.192,-2193.41,1,22
479,-211,0.00497884,0.00732407,50.7667,1079.99,223.955,4138.81,-1,20
480,211,0.00497884,0.00732407,50.7667,918.791,514.904,5820.47,1,19
481,211,0.00497884,0.00732407,50.7667,-887.913,-675.881,-542.402,1,15
482,211,0.00497884,0.00732407,50.7667,-196.915,-988.237,-4977.75,1,9
483,-211,0.00497884,0.00732407,50.7667,-492.254,-1673.39,-3120.19,-1,15
484,-211,0.00497884,0.00732407,50.7667,-26.9714,1010.15,235.195,-1,13
485,211,0.00497884,0.00732407,50.7667,-857.18,1049.71,2216.54,1,17
486,211,0.00497884,0.00732407,50.7667,-1202.49,323.445,1636.19,1,14
487,-2212,0.00497884,0.00732407,50.7667,-1060.09,13.0625,-1890.84,-1,16
488,-211,0.00497884,0.00732407,50.7667,-1000.49,-702.971,4799.04,-1,20
489,321,-0.137838,-0.068332,51.7769,-4771.89,-1968.39,29228.2,1,18
490,-211,-0.137838,-0.068332,51.7769,-926.972,-792.251,10024.3,-1,13
491,211,0.00497884,0.00732407,50.7667,1105.57,195.687,-6252.58,1,21
492,-2212,0.0188629,-0.0175333,-5.03094,1631.8,1335.63,2383.68,-1,13
493,321,0.0188629,-0.0175333,-5.03094,1283.41,-729.303,32196.3,1,15
494,-211,0.0188629,-0.0175333,-5.03094,-1244.59,1.88495,-2325.41,-1,13
495,-211,0.0188629,-0.0175333,-5.03094,1560.19,124.168,-14150.4,-1,16
496,-211,0.0188629,-0.0175333,-5.03094,960.929,-1090.94,1767.09,-1,13
497,-2212,0.0188629,-0.0175333,-5.03094,-433.111,-2674.61,8470.97,-1,27
498,-211,0.0188629,-0.0175333,-5.03094,-964.732,-907.473,2706.68,-1,17
499,211,0.0188629,-0.0175333,-5.03094,-1308.94,-66.8896,-370.429,1,5
500,211,0.0188629,-0.0175333,-5.03094,-957.909,542.435,-2869.17,1,21
501,-211,0.0188629,-0.0175333,-5.03094,1090.91,-717.657,-2440.23,-1,10
502,-321,0.0142206,0.026978,-4.82404,140.606,1585.78,3481.11,-1,16
503,211,-0.0175786,-0.00248449,-10.5441,565.108,878.606,-3162,1,9
504,211,-0.0175786,-0.00248449,-10.5441,585.416,932.704,1568.09,1,10
505,2212,-0.0139114,-0.0129693,-25.5742,506.606,923.915,3134.19,1,23
507,-211,-0.0139114,-0.0129693,-25.5742,881.408,-648.647,13815.1,-1,12
508,-211,-0.0139114,-0.0129693,-25.5742,745.154,-955.774,33012.4,-1,9
509,321,-0.0134344,-0.00622396,-102.072,1038.9,-128.555,4424.27,1,24
510,-211,-0.0134344,-0.00622396,-102.072,-1357.14,-240.784,3923.65,-1,21
511,-211,-0.0134344,-0.00622396,-102.072,-915.269,-1170.6,16522.5,-1,13
512,-211,-0.0134344,-0.00622396,-102.072,1009.52,-524.384,30531.9,-1,20
513,211,-0.0134344,-0.00622396,-102.072,1095.74,6.0926,28923.2,1,11
514,321,0.0121776,-0.00772097,-48.4967,-1548.36,-822.405,192.6,1,13
515,-211,0.0121776,-0.00772097,-48.4967,697.69,-780.348,5662.1,-1,19
516,321,0.0121776,-0.00772097,-48.4967,1522.95,750.297,-4591.12,1,6
517,-211,0.000999081,0.0144128,-72.2365,942.63,-469.92,-5081.51,-1,23
518,-211,0.000999081,0.0144128,-72.2365,1547.35,-1171.52,-13222.6,-1,13
519,321,0.000999081,0.0144128,-72.2365,870.061,-583.354,-12689.9,1,12
520,-211,0.0175686,-0.0129809,-0.650817,-428.561,-1446.77,-17528.9,-1,11
521,211,0.0175686,-0.0129809,-0.650817,-312.561,-1283.36,-8526.69,1,21
522,2212,0.0175686,-0.0129809,-0.650817,-771.208,-856.815,-17814.4,1,17
523,211,0.0175686,-0.0129809,-0.650817,-224.135,-1093.91,-9467.84,1,18
524,-321,0.0175686,-0.0129809,-0.650817,-833.125,920.443,3273.53,-1,14
525,-211,0.0175686,-0.0129809,-0.650817,1059.85,-463.092,386.115,-1,14
526,321,0.0175686,-0.0129809,-0.650817,-471.267,1994.67,6893.79,1,21
527,-321,0.0175686,-0.0129809,-0.650817,237.919,1316.12,2117.88,-1,14
528,-321,0.0175686,-0.0129809,-0.650817,1001.16,10.4364,2283.35,-1,18
529,321,0.0175686,-0.0129809,-0.650817,21.6725,-1629.07,5247.28,1,25
530,-211,0.0175686,-0.0129809,-0.650817,-1830.2,1777.55,-36337.9,-1,17
531,-2212,0.0175686,-0.0129809,-0.650817,-256.422,1075.74,4929.38,-1,17
532,-321,0.0175686,-0.0129809,-0.650817,820.766,-710.068,-989.019,-1,14
533,211,0.0175686,-0.0129809,-0.650817,-260.53,-1333.35,-827.467,1,16
534,211,0.0175686,-0.0129809,-0.650817,-545.365,-962.122,-203.863,1,15
535,-211,0.0175686,-0.0129809,-0.650817,1243.26,986.648,-4230.81,-1,22
536,2212,0.0175686,-0.0129809,-0.650817,710.553,994.621,-4496.59,1,23
537,-211,0.0175686,-0.0129809,-0.650817,1004.79,-698.631,-668.588,-1,10
538,-211,0.0175686,-0.0129809,-0.650817,757.669,-1481.06,2142.39,-1,15
539,-2212,0.0175686,-0.0129809,-0.650817,1422.97,-74.8796,3085.22,-1,18
540,-211,0.0175686,-0.0129809,-0.650817,1659.16,-827.089,28119.3,-1,20
541,211,0.0175686,-0.0129809,-0.650817,-304.143,-1497.26,5339.12,1,21
542,211,0.0175686,-0.0129809,-0.650817,-213.309,-1571.26,2849.1,1,16
543,-321,0.0175686,-0.0129809,-0.650817,-354.724,1477.17,7179.92,-1,17
544,-211,0.0175686,-0.0129809,-0.650817,-87.0034,1162.01,3343.52,-1,22
545,211,0.0175686,-0.0129809,-0.650817,-592.876,1088.8,7503.49,1,25
546,-211,0.0175686,-0.0129809,-0.650817,-50.4219,-1613.4,-997.256,-1,15
547,-2212,0.0175686,-0.0129809,-0.650817,1445.15,-669.3,-13733.2,-1,16
548,-211,0.0175686,-0.0129809,-0.650817,690.372,-827.506,-911.823,-1,13
549,211,0.0175686,-0.0129809,-0.650817,991.498,-1441.71,2361.71,1,15
550,-211,0.0175686,-0.0129809,-0.650817,521.973,-906.851,7653.82,-1,15
551,-211,0.0175686,-0.0129809,-0.650817,176.402,1198.73,4311.52,-1,24
552,2212,-4.80825,7.94842,-9.12382,-697.157,1039.42,-1238.66,1,15
553,211,0.0162416,-0.0244543,-27.2894,194.66,-1375.37,-16304.5,1,17
554,2212,0.0162416,-0.0244543,-27.2894,91.4056,-1615.6,3423.67,1,14
555,-2212,0.0162416,-0.0244543,-27.2894,-388.116,1118.48,-16890.7,-1,12
556,-211,0.0162416,-0.0244543,-27.2894,-286.943,1126.15,821.286,-1,15
558,3112,-0.0118988,-0.00126777,-9.3458,786.781,-732.935,-10427.6,-1,9
560,2212,-0.0118988,-0.00126777,-9.3458,412.251,-1114.89,-4810.86,1,18
561,-2212,-0.0118988,-0.00126777,-9.3458,1891.36,-730.491,-1933.84,-1,13
562,211,-0.0118988,-0.00126777,-9.3458,1119.68,-1601.14,-612.624,1,12
563,321,-0.0118988,-0.00126777,-9.3458,-567.498,-1631.68,989.948,1,14
564,211,-0.0118988,-0.00126777,-9.3458,-437.784,-1392.94,2530.25,1,15
565,211,-0.0118988,-0.00126777,-9.3458,-1088.26,1291,7559.3,1,19
567,-321,-0.0118988,-0.00126777,-9.3458,-508.656,-1549.55,7778.46,-1,18
568,211,-0.0118988,-0.00126777,-9.3458,605.787,838.97,23271.2,1,11
569,-211,-0.0118988,-0.00126777,-9.3458,3720.45,389.811,53207,-1,14
570,-2212,-0.0118988,-0.00126777,-9.3458,-1781.94,591.731,-49090.9,-1,10
571,211,-0.0118988,-0.00126777,-9.3458,444.269,927.319,17803.6,1,23
572,-211,-0.0118988,-0.00126777,-9.3458,-1410.93,643.61,-2499.49,-1,14
573,211,-0.0118988,-0.00126777,-9.3458,-1343.05,165.389,-12007.1,1,20
574,2212,-0.014857,0.0114567,-30.7435,570.794,1066.93,508.805,1,15
575,-211,-0.014857,0.0114567,-30.7435,-105.772,-1210.78,-7970.12,-1,17
576,-211,-0.014857,0.0114567,-30.7435,-1188.28,152.157,-31371.5,-1,15
577,-211,-0.016536,-0.00450542,-49.9848,-1691.83,917.896,-10145.9,-1,24
579,-211,-0.016536,-0.00450542,-49.9848,712.047,-1455.1,22517.6,-1,18
580,2212,-0.016536,-0.00450542,-49.9848,-796.333,-877.101,-498.844,1,14
581,-2212,-0.016536,-0.00450542,-49.9848,-1642.29,-1597.47,-1972.73,-1,13
582,-211,-0.016536,-0.00450542,-49.9848,-1262.32,-227.954,3317.04,-1,19
584,-321,-0.016536,-0.00450542,-49.9848,1052.78,191.152,-3300.29,-1,22
585,-211,0.00510538,-0.00797162,25.0596,1089.49,-1039.81,-39726.2,-1,15
586,2212,0.00510538,-0.00797162,25.0596,1639.12,-867.793,7147.1,1,21
587,-211,0.00510538,-0.00797162,25.0596,451.737,944.789,2571.95,-1,18
588,-211,0.00510538,-0.00797162,25.0596,-647.171,1667.48,331.189,-1,13
589,211,0.00510538,-0.00797162,25.0596,244.692,1010.92,-439.955,1,15
590,321,0.00510538,-0.00797162,25.0596,1434.21,1233.64,-1519.69,1,14
591,211,0.00510538,-0.00797162,25.0596,332.468,1571.34,229.242,1,16
592,-211,0.00510538,-0.00797162,25.0596,-31.8446,1638.83,-1687.74,-1,14
593,-211,0.00510538,-0.00797162,25.0596,504.471,-1302.36,17082.9,-1,10
594,211,0.00510538,-0.00797162,25.0596,105.609,-1081.78,12151.5,1,13
595,-211,0.00510538,-0.00797162,25.0596,819.012,-1135.59,11421.9,-1,12
596,-211,0.00510538,-0.00797162,25.0596,-543.07,-1453.18,4371.44,-1,20
597,211,0.00510538,-0.00797162,25.0596,-404.81,-2148.04,1839.22,1,14
598,-211,0.00510538,-0.00797162,25.0596,-765.009,-1337.76,-39336.3,-1,15
599,-211,0.00510538,-0.00797162,25.0596,-1014.2,557.399,-1257.76,-1,12
600,211,0.810716,-0.919469,18.393,645.839,-907.267,-5185.48,1,20
601,-211,0.00676229,0.00732072,41.7565,826.866,-920.971,-1017.28,-1,15
602,-211,0.00676229,0.00732072,41.7565,1216.96,1069.48,215.007,-1,13
603,-211,0.00676229,0.00732072,41.7565,-1306.89,235.762,-8139.46,-1,22
604,211,0.00676229,0.00732072,41.7565,75.4691,1971.87,-20.453,1,12
605,-211,0.00676229,0.00732072,41.7565,1059.32,607.789,985.726,-1,13
606,211,-1.07716,0.695199,37.7218,-944.935,377.627,-2871.62,1,20
607,211,0.0101568,-0.0190379,-17.455,1010.03,2162.64,-388.276,1,13
608,-211,0.0101568,-0.0190379,-17.455,1337.62,456.811,-993.441,-1,14
609,321,0.0101568,-0.0190379,-17.455,649.855,896.231,-238.119,1,7
610,211,0.0101568,-0.0190379,-17.455,1838.79,604.938,-3725.88,1,14
611,2212,0.0101568,-0.0190379,-17.455,-2949.4,790.602,-16094.5,1,16
612,-211,0.0101568,-0.0190379,-17.455,-1038.52,188.846,-4025.37,-1,24
613,211,0.0101568,-0.0190379,-17.455,-895.664,-1705.53,-30.5256,1,15
614,-211,0.0101568,-0.0190379,-17.455,-1183.77,-934.617,-618.042,-1,15
615,211,0.0101568,-0.0190379,-17.455,1845.18,116.743,-1019.04,1,15
616,-211,0.0101568,-0.0190379,-17.455,912.628,439.327,-598.067,-1,15
617,211,0.0101568,-0.0190379,-17.455,1651.21,-87.8173,-2777.75,1,5
618,211,0.0101568,-0.0190379,-17.455,2077.29,500.524,-3897.25,1,15
619,-211,0.0101568,-0.0190379,-17.455,-3486.69,899.849,-20491,-1,17
620,211,0.0101568,-0.0190379,-17.455,-1164.28,186.161,-6361.77,1,24
621,211,-0.0101323,0.00610371,-1.34053,-491.946,2266,-756.723,1,18
622,13,0.461324,0.0118663,-0.685032,1015.91,-124.895,1335.79,-1,13
623,211,-0.0569508,0.477819,-1.42771,-470.236,2622.81,-1138.62,1,14
624,211,-0.026845,0.0141951,40.8585,-495.706,-2694.31,-3134.06,1,17
625,321,-0.026845,0.0141951,40.8585,704.887,873.52,-1107.76,1,13
626,211,-0.026845,0.0141951,40.8585,1448.39,2652.26,49233.2,1,9
627,-211,-0.026845,0.0141951,40.8585,-2033.45,2162.07,1829.08,-1,14
628,-211,-0.026845,0.0141951,40.8585,-1105.08,1647.8,1190.73,-1,13
629,-321,-0.026845,0.0141951,40.8585,979.187,-230.555,14513,-1,16
630,-211,-0.026845,0.0141951,40.8585,312.88,-1307.83,9249.22,-1,15
632,-211,-0.026845,0.0141951,40.8585,-1715.07,-77.5486,-54.5956,-1,13
633,-211,-0.026845,0.0141951,40.8585,-1422.71,-699.48,-1910.23,-1,16
634,-211,-0.026845,0.0141951,40.8585,686.123,860.9,-12154.1,-1,11
635,211,-0.026845,0.0141951,40.8585,1021.83,872.809,-17140.7,1,13
636,321,-0.026845,0.0141951,40.8585,747.363,865.16,-8903.79,1,18
637,211,-0.026845,0.0141951,40.8585,-2249.28,786.683,-18856.4,1,16
638,-211,-0.026845,0.0141951,40.8585,1700.65,745.678,23426.6,-1,15
639,2212,-0.026845,0.0141951,40.8585,1725.2,775.41,21205.1,1,15
640,211,-0.026845,0.0141951,40.8585,-1838.4,175.664,468.555,1,15
641,211,-0.026845,0.0141951,40.8585,-503.477,1144.66,-91.5767,1,18
642,211,-0.026845,0.0141951,40.8585,-873.12,702.553,116.597,1,13
643,-211,-0.026845,0.0141951,40.8585,-1726.13,524.568,1652.21,-1,14
644,211,-0.026845,0.0141951,40.8585,-58.5776,-1105.16,1729.99,1,15
645,13,0.304984,0.0222962,24.2859,1094.62,-64.2606,-14105.8,-1,10
646,-321,0.00173831,0.0238466,-112.318,-1147.68,718.26,-26113.1,-1,13
647,211,0.00173831,0.0238466,-112.318,615.798,1697.9,-809.825,1,13
648,211,0.00173831,0.0238466,-112.318,381.9,964.175,686.63,1,13
649,-211,0.00173831,0.0238466,-112.318,969.284,-770.32,-6652.56,-1,16
650,-211,0.00173831,0.0238466,-112.318,-764.46,1374.18,-2521.64,-1,17
651,211,0.00173831,0.0238466,-112.318,-943.856,-567.361,-421.401,1,18
652,211,0.00173831,0.0238466,-112.318,-666.769,-1844.67,-6825.34,1,20
653,211,0.00173831,0.0238466,-112.318,-1606.04,1042.95,3739.7,1,9
654,-211,0.00173831,0.0238466,-112.318,-1568.34,1247.61,1783.23,-1,17
655,-211,0.00173831,0.0238466,-112.318,-1113.13,-1411.1,1798.35,-1,14
656,-211,0.00173831,0.0238466,-112.318,-880.349,-901.14,23352.4,-1,20
657,211,0.00173831,0.0238466,-112.318,1263.45,217.108,1370.52,1,15
658,211,0.00173831,0.0238466,-112.318,656.786,-807.96,-662.134,1,14
659,211,0.00173831,0.0238466,-112.318,753.872,-1073.99,-911.577,1,16
660,-211,0.00173831,0.0238466,-112.318,665.028,-835.719,15397,-1,13
661,-321,-0.0644676,0.0758408,-112.12,-1739.69,1325.01,6061.97,-1,19
662,211,-0.0644676,0.0758408,-112.12,-916.959,1249.88,2836.2,1,14
663,-211,-0.0644676,0.0758408,-112.12,-1054.64,291.336,2257.05,-1,13
664,-2212,7.99872,5.27931,-3.65442,1485.22,1070.19,21195.4,-1,14
665,211,-0.00016333,0.0398392,-39.2603,787.624,-690.968,16498.2,1,16
666,-211,-0.00253554,-0.00848137,-70.059,-733.558,846.238,-1837.21,-1,15
667,-211,-0.00253554,-0.00848137,-70.059,895.792,-716.663,-642.334,-1,13
668,-321,0.0099293,0.0106071,-14.7979,1203.06,136.406,1202.71,-1,14
669,-211,-0.0144172,-0.00657345,27.5083,1399.74,137.912,-10190.6,-1,22
670,321,-0.0144172,-0.00657345,27.5083,-1643.76,-1140.98,-623.652,1,13
671,2212,-0.0144172,-0.00657345,27.5083,-1010.7,1082.94,-828.661,1,14
672,-321,-0.0144172,-0.00657345,27.5083,-1777.45,376.935,-30430.9,-1,17
673,-211,-0.0144172,-0.00657345,27.5083,30.6456,1015.23,-1325.65,-1,14
674,-2212,-0.0144172,-0.00657345,27.5083,-349.321,1214.49,-118.447,-1,14
675,211,0.00334714,-0.00374408,9.6908,-940.922,1762.42,3857.95,1,14
676,211,0.00334714,-0.00374408,9.6908,1395.63,347.599,7076.81,1,20
677,-211,0.00334714,-0.00374408,9.6908,3086.98,-35.6272,-20727.3,-1,15
678,211,0.00334714,-0.00374408,9.6908,215.783,1764.05,-5662.07,1,17
679,211,0.00334714,-0.00374408,9.6908,-889.348,-1615.33,12841,1,5
680,-211,0.00334714,-0.00374408,9.6908,1108.9,1671.62,62.5028,-1,15
681,211,0.00334714,-0.00374408,9.6908,472.589,1272.93,1180.07,1,14
682,-211,0.00334714,-0.00374408,9.6908,807.092,1568.1,797.302,-1,13
683,211,0.00334714,-0.00374408,9.6908,1738.1,1864.18,1966.59,1,14
684,-211,0.00334714,-0.00374408,9.6908,1125.37,4452.33,3075.98,-1,14
685,211,0.00334714,-0.00374408,9.6908,1149.93,1761.59,1942.11,1,15
686,211,0.00334714,-0.00374408,9.6908,935.714,694.084,559.508,1,15
687,-211,0.00334714,-0.00374408,9.6908,1113.41,1297.46,-5062.31,-1,22
688,321,0.00334714,-0.00374408,9.6908,1231.5,303.129,694.974,1,15
689,-321,0.00334714,-0.00374408,9.6908,-1047.59,-353.934,19934.8,-1,13
690,211,0.00334714,-0.00374408,9.6908,-2631.07,422.681,-1708.9,1,14
691,211,0.00334714,-0.00374408,9.6908,339.631,-3291.88,89358.3,1,13
692,211,0.00334714,-0.00374408,9.6908,138.897,-1126.48,9024.15,1,20
693,2212,0.00334714,-0.00374408,9.6908,787.925,-815.491,3437.21,1,24
694,-211,0.00334714,-0.00374408,9.6908,-1463.3,34.7969,-3200.98,-1,16
695,-211,0.00334714,-0.00374408,9.6908,-383.382,-1745.97,-18512.4,-1,16
696,211,0.00334714,-0.00374408,9.6908,2741.87,506.245,11515.1,1,24
697,-321,0.00334714,-0.00374408,9.6908,-823.928,-853.911,4467.28,-1,21
698,211,0.00334714,-0.00374408,9.6908,-992.769,-476.634,4216.3,1,22
699,-211,0.00334714,-0.00374408,9.6908,-496.616,-961.169,2684.29,-1,20
700,211,0.00334714,-0.00374408,9.6908,622.969,1532.6,-3980.66,1,13
701,211,0.00334714,-0.00374408,9.6908,-307.108,-1143.53,6408.27,1,18
702,-211,0.00334714,-0.00374408,9.6908,-973.452,-447.057,3426.58,-1,31
703,-211,0.00334714,-0.00374408,9.6908,-1158.47,-1837.04,15993,-1,14
704,-211,0.00334714,-0.00374408,9.6908,431.181,907.369,764.774,-1,14
705,-211,0.00334714,-0.00374408,9.6908,1630.91,1239.71,1032.42,-1,5
706,-211,0.00334714,-0.00374408,9.6908,1587.54,2301.69,1251.89,-1,14
707,211,0.00334714,-0.00374408,9.6908,1125.01,-389.621,8078.04,1,13
708,211,0.00334714,-0.00374408,9.6908,1186.71,519.625,-20236.6,1,13
709,-211,0.00334714,-0.00374408,9.6908,1570.96,1853.48,-9649.05,-1,19
710,211,0.00334714,-0.00374408,9.6908,979.832,734.904,-5098.1,1,8
711,211,0.00334714,-0.00374408,9.6908,-803.704,-693.42,-14169.5,1,11
712,-211,0.00334714,-0.00374408,9.6908,-1234.23,-465.187,25199.8,-1,13
713,-211,0.00334714,-0.00374408,9.6908,-2295.31,157.264,55599,-1,10
714,-321,0.00334714,-0.00374408,9.6908,-710.638,-1328.02,30581.3,-1,20
715,211,0.00334714,-0.00374408,9.6908,-760.708,-1321.82,2480.9,1,17
717,211,0.00334714,-0.00374408,9.6908,1061.6,1581.67,718.979,1,14
718,211,0.00402146,0.011598,103.664,668.704,-969.374,10147.9,1,13
719,211,0.00402146,0.011598,103.664,-655.806,-817.682,-3271.72,1,22
720,-321,0.00402146,0.011598,103.664,1325.81,690.839,-22686,-1,19
721,-321,0.00402146,0.011598,103.664,-158.177,1076.88,817.781,-1,16
722,-211,0.00402146,0.011598,103.664,-274.695,-1134.29,-332.814,-1,15
723,-211,0.00402146,0.011598,103.664,-1028.34,-824.339,-768.316,-1,12
724,-211,0.0156047,-0.0125361,69.6608,1731.73,819.354,2038.21,-1,15
725,211,0.0156047,-0.0125361,69.6608,-460.309,-892.155,-17652,1,20
726,-211,0.0156047,-0.0125361,69.6608,-1321.6,611.891,15058.6,-1,11
727,-211,0.0156047,-0.0125361,69.6608,-234.557,-1758.6,27779,-1,20
728,-321,0.0156047,-0.0125361,69.6608,317.415,2077.06,2056.56,-1,14
729,-2212,0.0156047,-0.0125361,69.6608,1731.5,216.634,104.215,-1,5
730,-321,0.0156047,-0.0125361,69.6608,2017.53,-1194.97,173.077,-1,14
731,211,0.0156047,-0.0125361,69.6608,50.8601,-1905.98,1713.65,1,12
733,-211,0.0156047,-0.0125361,69.6608,-949.003,-1291.02,24809.3,-1,12
734,-2212,0.0156047,-0.0125361,69.6608,1290.94,-1268.34,14409.3,-1,17
735,2212,0.0156047,-0.0125361,69.6608,213.576,-1026.26,1411.08,1,13
736,2212,0.0156047,-0.0125361,69.6608,-1039.24,-215.239,-133.42,1,18
737,-2212,0.0156047,-0.0125361,69.6608,-2385.69,622.134,544.54,-1,12
738,211,0.0156047,-0.0125361,69.6608,-1840.33,200.423,538.964,1,13
739,-211,0.0156047,-0.0125361,69.6608,-1362.81,1128.1,118.824,-1,16
740,-321,0.0156047,-0.0125361,69.6608,-446.903,3011,1291.53,-1,17
741,211,0.0156047,-0.0125361,69.6608,-370.553,1131.73,-133.03,1,16
742,321,0.0156047,-0.0125361,69.6608,-1192.44,-885.739,-4207.6,1,19
744,211,0.0156047,-0.0125361,69.6608,1386.22,-289.593,25451.5,1,13
745,-211,0.0156047,-0.0125361,69.6608,1666.61,39.1882,-7155.64,-1,12
746,211,0.0156047,-0.0125361,69.6608,2156.35,-76.5177,-8133.6,1,22
747,211,0.0156047,-0.0125361,69.6608,-349.629,-1497.06,18349,1,12
748,211,0.0156047,-0.0125361,69.6608,-108.684,1295.53,1545.59,1,14
749,-211,0.0156047,-0.0125361,69.6608,-1851.75,-984.457,-3434.82,-1,13
750,-321,0.0156047,-0.0125361,69.6608,1084.34,-944.644,-1723.56,-1,16
751,211,0.0156047,-0.0125361,69.6608,918.151,-1278.45,-3744.95,1,18
752,-211,0.0156047,-0.0125361,69.6608,2343.89,-1664.79,23080.7,-1,12
753,211,0.0156047,-0.0125361,69.6608,-1121.63,999.849,8509.37,1,19
754,-211,0.0156047,-0.0125361,69.6608,-1920.72,-185.712,3009.72,-1,7
755,211,0.0156047,-0.0125361,69.6608,-930.434,-398.346,2490.77,1,18
756,-211,0.0156047,-0.0125361,69.6608,-845.167,-928.098,2480.23,-1,17
757,-211,0.0156047,-0.0125361,69.6608,-1308.49,-831.464,575.945,-1,15
758,211,0.0156047,-0.0125361,69.6608,307.401,988.007,-6317.39,1,16
759,-211,0.0156047,-0.0125361,69.6608,1015.51,740.481,-4654.32,-1,21
760,-211,0.0156047,-0.0125361,69.6608,-1167.17,1152.57,-2690.13,-1,16
761,211,0.0156047,-0.0125361,69.6608,-1002.33,1043.73,-2012.97,1,12
762,211,0.0156047,-0.0125361,69.6608,-1547.86,336.204,-3693.51,1,19
763,211,0.0156047,-0.0125361,69.6608,-991.478,-298.526,505.687,1,5
764,211,0.0156047,-0.0125361,69.6608,-693.795,2191.15,432.419,1,15
765,-211,0.0156047,-0.0125361,69.6608,60.8328,1669.1,-95.3104,-1,13
766,321,0.0156047,-0.0125361,69.6608,-978.012,-390.4,-10734.2,1,14
767,211,0.0156047,-0.0125361,69.6608,1066.14,1053.51,22245.9,1,18
768,211,0.0156047,-0.0125361,69.6608,786.909,-647.682,13392.8,1,12
769,-211,0.0156047,-0.0125361,69.6608,1739.31,200.14,5509.42,-1,24
770,321,-0.00327447,-0.00329836,-45.1325,-1132.2,-447.284,-13983.5,1,11
771,-211,-0.00327447,-0.00329836,-45.1325,-502.964,-1075.94,-661.845,-1,13
772,211,-0.00327447,-0.00329836,-45.1325,-529.633,-1033.23,-785.006,1,17
773,-211,-0.0119619,-0.0345197,31.5297,-1330.25,2894.12,-6655.29,-1,16
774,211,-0.0119619,-0.0345197,31.5297,1052.14,-920.845,1549.34,1,11
775,-211,-0.0119619,-0.0345197,31.5297,-715.976,-1514.78,8518.78,-1,8
776,211,-0.0119619,-0.0345197,31.5297,371.452,-1634.49,19130.5,1,15
777,-211,-0.0119619,-0.0345197,31.5297,925.788,-458.827,5428.65,-1,21
778,-211,-0.0119619,-0.0345197,31.5297,-156.082,-1689.68,8933.66,-1,10
779,-2212,-0.0119619,-0.0345197,31.5297,-1181.22,-24.6763,-589.994,-1,5
780,211,-0.0119619,-0.0345197,31.5297,1341.73,-634.073,-412.825,1,15
781,-211,-0.002891,0.0208383,41.6872,-110.446,1194.88,21537.3,-1,17
782,-211,-0.0363222,0.0215015,-60.3444,81.2416,2609.09,2542.23,-1,13
784,-211,-0.0363222,0.0215015,-60.3444,-68.8663,-1232.54,25910.5,-1,11
785,211,-0.0363222,0.0215015,-60.3444,-384.234,1508.72,823.5,1,14
786,-211,-0.0363222,0.0215015,-60.3444,-138.15,1453.14,994.787,-1,13
787,211,0.0133383,-0.0157922,39.3426,-892.826,-679.35,-11983.1,1,12
788,2212,0.0133383,-0.0157922,39.3426,-2121.88,4286.43,12467.7,1,24
789,321,-0.0088633,-0.0229946,-35.2778,-3045.82,-215.329,28909.5,1,13
790,-211,-0.0088633,-0.0229946,-35.2778,939.938,-562.297,687.281,-1,15
791,211,0.0114073,-0.00583423,-75.9813,905.264,515.3,18366.8,1,19
792,211,0.0114073,-0.00583423,-75.9813,-1176.37,457.445,2841.46,1,15
793,-211,-0.027378,0.0200189,29.1306,-4408.3,314.954,-46075.5,-1,13
794,3112,-0.027378,0.0200189,29.1306,-1953.24,-2202.69,-30060,-1,11
795,211,-0.027378,0.0200189,29.1306,-354.504,-1157.36,-213.439,1,14
796,2212,-0.027378,0.0200189,29.1306,45.9099,-1290.86,5189.42,1,18
797,211,-0.027378,0.0200189,29.1306,1425.92,719.713,15768,1,19
798,211,-0.027378,0.0200189,29.1306,825.479,1366.93,-3885.81,1,13
799,211,-0.027378,0.0200189,29.1306,287.596,1565.24,-5374.77,1,28
800,-2212,-0.027378,0.0200189,29.1306,17.0197,1163.45,-4666.67,-1,5
801,211,-0.027378,0.0200189,29.1306,-1219.98,-99.8273,-23904.8,1,13
802,211,-0.027378,0.0200189,29.1306,-1138.56,-2.9942,-10759.3,1,7
803,2212,-0.027378,0.0200189,29.1306,1044.19,-1506.77,5302.11,1,21
804,-2212,-0.027378,0.0200189,29.1306,1578.28,-1211.18,8850.94,-1,11
805,211,-0.027378,0.0200189,29.1306,920,640.718,9769.14,1,6
806,211,-0.027378,0.0200189,29.1306,-1235.07,2420,-1803.28,1,14
807,211,-0.00258286,0.00151423,7.10453,-883.555,786.489,5852.29,1,21
808,211,-0.00258286,0.00151423,7.10453,451.523,-1137.33,-13713.3,1,13
809,-321,-0.00258286,0.00151423,7.10453,891.178,-572.269,6924.85,-1,18
810,-211,0.0049204,-0.0119914,75.5682,305.247,-1009.07,-27122.6,-1,13
811,-211,0.0049204,-0.0119914,75.5682,655.936,-994.854,-20225.3,-1,12
812,211,0.0049204,-0.0119914,75.5682,752.408,-766.825,-17540.1,1,19
813,-211,0.0049204,-0.0119914,75.5682,-510.06,-1765.67,-33128.8,-1,14
814,2212,0.0049204,-0.0119914,75.5682,-933.447,-903.66,-9710.33,1,20
815,-211,0.0049204,-0.0119914,75.5682,254.306,-1238.13,-13652.5,-1,15
817,2212,0.018699,0.014059,20.6267,-719.263,721.843,3190.57,1,25
818,2212,-0.00985847,0.0122573,-8.67383,-1106.17,1079.17,-14252.8,1,22
819,-211,-0.00967888,0.0171336,-13.3093,460.157,-1706.45,1259.68,-1,14
820,-2212,-0.00967888,0.0171336,-13.3093,600.491,-925.662,-394.624,-1,8
821,-321,-0.00967888,0.0171336,-13.3093,778.91,1012.47,-15764.1,-1,8
822,-211,-0.00967888,0.0171336,-13.3093,951.108,494.363,-569.296,-1,5
824,-211,-0.00967888,0.0171336,-13.3093,2754.73,914.242,-2274.31,-1,13
825,-211,-0.00967888,0.0171336,-13.3093,567.317,-1027.49,14126.5,-1,8
826,-2212,-0.00967888,0.0171336,-13.3093,-2578.3,-551.913,-13926.8,-1,18
827,211,-0.00967888,0.0171336,-13.3093,1467.25,-479.663,-571.77,1,14
828,211,-0.00967888,0.0171336,-13.3093,-603.294,868.232,-449.039,1,13
829,2212,-0.00967888,0.0171336,-13.3093,-1125.97,1128.79,-3690.97,1,22
830,-2212,-0.00967888,0.0171336,-13.3093,-1242.95,1686.72,-8512.79,-1,20
831,211,-0.00967888,0.0171336,-13.3093,307.89,1035.99,84.7283,1,14
832,211,-0.00967888,0.0171336,-13.3093,505.27,1318.84,1370.81,1,15
833,-321,-0.00967888,0.0171336,-13.3093,1033.17,287.254,26824.7,-1,12
834,-211,-0.00967888,0.0171336,-13.3093,-1019.9,-343.642,-5689.32,-1,15
835,-211,-0.00967888,0.0171336,-13.3093,-1083.58,-900.242,-6968.64,-1,19
836,-2212,-0.00967888,0.0171336,-13.3093,1005.92,329.293,-2394.48,-1,21
837,2212,-0.00967888,0.0171336,-13.3093,3117.94,-179.239,-692.31,1,14
838,2212,-0.00967888,0.0171336,-13.3093,653.388,-924.603,-479.67,1,11
839,2212,-0.00967888,0.0171336,-13.3093,-1528.62,350.935,-1912.93,1,15
840,-211,-0.00967888,0.0171336,-13.3093,-780.977,969.933,-33364.9,-1,9
841,-211,-0.00967888,0.0171336,-13.3093,1795.65,1470.75,12234.9,-1,17
842,321,0.00856904,-0.01557,31.9944,50.61,1017.4,-2935.63,1,23
843,-321,0.00856904,-0.01557,31.9944,1571.46,-527.561,33803.6,-1,14
844,-321,0.00856904,-0.01557,31.9944,-166.772,1884.72,59.3765,-1,12
845,211,0.00856904,-0.01557,31.9944,341.028,1687.65,-76.054,1,15
846,211,0.00856904,-0.01557,31.9944,-1040.58,-1999.09,1505.11,1,18
847,-211,0.00856904,-0.01557,31.9944,-385.619,-1585.68,1061.56,-1,13
848,-321,0.00374794,-0.00679412,99.5154,-1295.86,363.569,13003.8,-1,12
849,-211,0.00374794,-0.00679412,99.5154,-813.278,701.557,-724.473,-1,14
850,211,0.0150358,0.0090425,1.90102,343.484,-3626.91,-23493.5,1,21
851,-211,0.0150358,0.0090425,1.90102,-819.384,1704.68,-3889.1,-1,21
852,211,0.0150358,0.0090425,1.90102,-907.923,2285.32,-7273.37,1,24
853,-2212,0.0150358,0.0090425,1.90102,-2813.02,608.997,2893.44,-1,14
854,211,0.0150358,0.0090425,1.90102,-863.965,-1148.99,2761.05,1,10
855,211,0.0150358,0.0090425,1.90102,358.057,-2378.32,-195.795,1,15
856,211,0.0150358,0.0090425,1.90102,-644.755,-2945.59,-1944.58,1,14
857,-2212,0.0150358,0.0090425,1.90102,-252.311,-4451.54,-2941.38,-1,14
859,-211,0.0150358,0.0090425,1.90102,-907.247,-1715.33,-4778.2,-1,19
860,-2212,0.0150358,0.0090425,1.90102,140.046,1029.13,-15321.2,-1,20
861,211,0.0150358,0.0090425,1.90102,1283.7,1383.86,-6743.53,1,24
862,-211,0.0150358,0.0090425,1.90102,979.129,1663.01,-6205.11,-1,28
863,321,0.0150358,0.0090425,1.90102,-632.244,2469.82,-12927.6,1,19
864,321,0.0150358,0.0090425,1.90102,-44.3419,-1779.7,-10138.6,1,19
865,-211,0.0150358,0.0090425,1.90102,-798.244,1080.12,-6688.31,-1,9
866,-211,0.0150358,0.0090425,1.90102,1457.29,716.377,-6409.93,-1,23
867,-211,0.0150358,0.0090425,1.90102,599.334,-1147.57,5171.57,-1,20
868,-211,0.0150358,0.0090425,1.90102,2163.83,-1676.46,-8841.88,-1,23
869,211,0.0150358,0.0090425,1.90102,-1217,-130.709,-1758.71,1,12
870,211,0.00886527,0.0162039,8.50492,-1903.78,51.7238,-14579,1,16
871,-211,0.00886527,0.0162039,8.50492,138.056,-1213.14,24249.3,-1,20
872,-321,0.00886527,0.0162039,8.50492,873.057,697.736,17027.9,-1,12
873,211,0.00886527,0.0162039,8.50492,1011.91,1691.58,23889.7,1,13
874,-211,0.00886527,0.0162039,8.50492,-147.423,-1046.62,-5972.85,-1,23
875,-211,0.00886527,0.0162039,8.50492,-1309.13,-1158.17,46342.1,-1,13
876,-211,0.00886527,0.0162039,8.50492,-752.57,1046.26,-816.362,-1,13
877,-211,0.00886527,0.0162039,8.50492,-68.3246,1371.04,120.881,-1,14
878,211,0.00886527,0.0162039,8.50492,-1165.53,868.298,-3959.03,1,21
879,-211,0.00886527,0.0162039,8.50492,-1033.44,1044.15,-4906.68,-1,26
881,-211,0.00886527,0.0162039,8.50492,-64.223,-1633.31,1536.46,-1,13
882,-211,0.00886527,0.0162039,8.50492,128.564,-1076.51,22054.4,-1,17
883,211,0.00886527,0.0162039,8.50492,1269.16,-194.743,20742.8,1,18
884,2212,0.00390882,-0.00541169,22.9078,1094.94,586.39,-3356.57,1,22
885,211,0.00390882,-0.00541169,22.9078,-484.675,1090.06,7136.01,1,10
886,-2212,0.00390882,-0.00541169,22.9078,-1247.98,937.977,3848.33,-1,19
887,-211,0.00390882,-0.00541169,22.9078,-1718.75,512.234,2985.88,-1,14
888,211,0.00390882,-0.00541169,22.9078,-1728.68,900.598,5890.4,1,28
890,-2212,0.00390882,-0.00541169,22.9078,-1056.97,587.148,19665.8,-1,20
891,321,0.00390882,-0.00541169,22.9078,-1680.5,455.145,10016.1,1,15
892,-211,0.00390882,-0.00541169,22.9078,1380.5,-77.1508,1169.2,-1,14
893,-211,0.00390882,-0.00541169,22.9078,2177.79,1686.28,2569.39,-1,14
894,211,0.00390882,-0.00541169,22.9078,-379.006,1119.76,-1752,1,13
895,211,0.00390882,-0.00541169,22.9078,-122.83,-1326.22,262.117,1,13
896,211,0.00390882,-0.00541169,22.9078,-773.926,850.088,8146.75,1,18
897,-211,0.00390882,-0.00541169,22.9078,-938.147,1159.11,12937.8,-1,13
898,-2212,0.00390882,-0.00541169,22.9078,-1938.87,138.242,23555.3,-1,10
899,211,0.00390882,-0.00541169,22.9078,-1481.41,-244.5,18220.5,1,17
900,2212,0.00390882,-0.00541169,22.9078,2090.46,-594.395,889.902,1,14
901,211,0.00390882,-0.00541169,22.9078,800.118,-642.451,-525.791,1,15
902,-211,0.00390882,-0.00541169,22.9078,1610.34,-1288.01,-8.08012,-1,14
903,-211,0.00390882,-0.00541169,22.9078,1021.54,399.339,1032.24,-1,13
904,-211,0.00390882,-0.00541169,22.9078,61.3328,-1014.67,768.95,-1,13
905,211,0.00390882,-0.00541169,22.9078,863.891,-863.255,6239.9,1,21
907,211,9.79648,-3.61382,179.903,1137.59,-335.426,15035.1,1,11
908,211,0.00231525,0.0144981,4.68759,-3784.28,-1061.16,-21376.8,1,16
909,211,0.0132405,-0.00600101,-85.0065,856.84,1532.07,-108.537,1,13
910,211,0.0132405,-0.00600101,-85.0065,-642.501,-1242.03,-31820.2,1,15
911,-211,0.00748671,0.000971811,14.762,1956.34,-751.179,-164.835,-1,13
912,321,0.00748671,0.000971811,14.762,-1462.21,664.923,-43.9368,1,13
913,2212,-0.00441366,-0.00479179,74.2104,594.722,870.917,645.423,1,14
914,-2212,-0.00441366,-0.00479179,74.2104,913.212,637.095,2233.7,-1,17
915,2212,-0.00441366,-0.00479179,74.2104,915.738,-445.745,4941.84,1,13
916,321,-0.00441366,-0.00479179,74.2104,-540.283,-896.286,27827.1,1,9
917,2212,-0.00441366,-0.00479179,74.2104,-568.418,970.015,-8246.72,1,22
918,-211,-0.00441366,-0.00479179,74.2104,-337.53,1220.55,-2404.47,-1,17
919,211,-0.00441366,-0.00479179,74.2104,-738.585,874.541,-4469.06,1,25
920,211,-0.00441366,-0.00479179,74.2104,-158.457,1536.88,-309.831,1,16
921,-211,-0.00441366,-0.00479179,74.2104,345.181,2018.04,-1016.83,-1,11
922,-211,-0.00441366,-0.00479179,74.2104,864.557,588.797,5443.03,-1,14
923,2212,-0.00441366,-0.00479179,74.2104,-27.4567,1118.82,-7458.51,1,18
924,-211,-0.0181379,0.00858085,48.3127,-386.499,-1949.12,-8706.73,-1,25
925,2212,-0.0181379,0.00858085,48.3127,505.756,-3580.88,44300.4,1,6
926,-2212,-0.0181379,0.00858085,48.3127,538.494,-1007.31,16082.2,-1,15
927,211,-0.0181379,0.00858085,48.3127,-116.163,3082.53,975.613,1,15
928,211,-0.0181379,0.00858085,48.3127,161.607,991.367,329.975,1,15
929,211,0.00269154,0.0064103,-18.1148,1117.48,-289.533,1251.01,1,16
930,211,0.00442435,0.00271144,7.3013,1034.21,88.0652,1403.36,1,13
931,-2212,-0.00963347,-0.00399278,9.88054,-1473.99,822.65,-535.19,-1,10
932,-2212,-0.00963347,-0.00399278,9.88054,-1375.75,-134.152,1895.51,-1,14
933,211,-0.00963347,-0.00399278,9.88054,-4354.41,-847.963,5152.04,1,17
934,-211,-0.00963347,-0.00399278,9.88054,1156.73,-122.532,-23149.4,-1,14
935,321,-0.00963347,-0.00399278,9.88054,1291.52,1719.89,19083.7,1,11
936,211,-0.00963347,-0.00399278,9.88054,-471.955,1171.67,4171.46,1,22
937,-211,-0.00963347,-0.00399278,9.88054,656.822,-2045.96,4147.82,-1,12
938,321,-0.00963347,-0.00399278,9.88054,-1223.92,-271.859,4892.1,1,22
939,211,-0.00963347,-0.00399278,9.88054,-581.355,1041.84,24208.6,1,17
940,211,-0.00963347,-0.00399278,9.88054,1001.55,-77.9292,-7000.69,1,19
941,2212,-0.00963347,-0.00399278,9.88054,832.024,805.322,19509.8,1,17
942,-2212,-0.00963347,-0.00399278,9.88054,1231.49,1204.49,17757.3,-1,19
943,211,-0.00963347,-0.00399278,9.88054,14.7,-2353.02,3123.11,1,13
944,-211,-0.00963347,-0.00399278,9.88054,-126.105,1061.3,16072.4,-1,21
945,-211,-0.00963347,-0.00399278,9.88054,-704.627,731.514,75.2976,-1,15
946,211,-0.00963347,-0.00399278,9.88054,1362.56,-543.115,24802.6,1,13
947,2212,3.16077,-6.2166,19.0458,564.223,-1245.72,1502.11,1,12
948,-211,0.00693149,-0.00616664,-16.4168,-223.51,1072.06,980.213,-1,7
949,321,0.00693149,-0.00616664,-16.4168,-2467.25,-1273.79,16158.5,1,23
950,-211,0.00693149,-0.00616664,-16.4168,520.34,-1375.86,-5419.49,-1,20
951,211,0.00693149,-0.00616664,-16.4168,1041.81,838.769,9267.13,1,17
952,-211,0.00693149,-0.00616664,-16.4168,988.106,-1323.25,-3274.71,-1,18
953,211,0.00693149,-0.00616664,-16.4168,-33.9712,-1055.85,-5589.59,1,17
954,211,-0.0270803,0.00279782,-6.88657,-473.268,1554.96,21006.2,1,8
955,-321,0.00119302,0.00861882,30.3596,3458.63,-1017.25,7460.1,-1,16
956,-321,0.00119302,0.00861882,30.3596,-663.695,817.098,-20130.7,-1,11
957,321,0.00119302,0.00861882,30.3596,-867.572,-1542.57,2704.53,1,13
958,211,0.00119302,0.00861882,30.3596,-1255.99,-359.868,9009.83,1,15
959,-211,0.00119302,0.00861882,30.3596,-2545.03,463.787,-8405.18,-1,29
960,-211,0.00119302,0.00861882,30.3596,668.931,1023.41,-1497.91,-1,15
961,211,0.00119302,0.00861882,30.3596,1639.61,-428.5,2741.59,1,14
962,-211,0.00119302,0.00861882,30.3596,2427.11,-172.266,3883.83,-1,14
963,211,0.00119302,0.00861882,30.3596,1603.71,-131.563,3320.67,1,18
964,-211,12.7694,-9.05575,5.65818,1053.77,-543.49,-51.644,-1,14
965,-321,0.0120813,-0.0134079,-21.1405,311.109,1496.11,-28480.5,-1,18
966,211,0.0120813,-0.0134079,-21.1405,2654.65,-1112,-17195.2,1,19
967,-211,0.0120813,-0.0134079,-21.1405,-494.853,1300.78,-2359.51,-1,13
968,211,0.0120813,-0.0134079,-21.1405,-998.968,574.706,-20352.6,1,11
969,-321,0.0153301,-0.00227805,-4.22966,-830.082,746.339,2375.38,-1,17
970,211,0.0153301,-0.00227805,-4.22966,-910.113,-510.171,1458.21,1,12
971,-211,0.0153301,-0.00227805,-4.22966,-942.39,738.08,1593.5,-1,13
972,211,0.0153301,-0.00227805,-4.22966,276.849,1157.01,372.061,1,15
973,321,0.0153301,-0.00227805,-4.22966,1236.03,588.414,2043.58,1,11
974,211,0.0153301,-0.00227805,-4.22966,678.159,-905.707,1998.92,1,13
975,-211,0.0153301,-0.00227805,-4.22966,1781.61,-1681.81,4187.65,-1,13
976,-211,0.0153301,-0.00227805,-4.22966,-1081.35,57.6961,8202.7,-1,14
977,211,0.0153301,-0.00227805,-4.22966,-1012.83,329.469,1716.04,1,18
978,2212,0.0153301,-0.00227805,-4.22966,-249.563,-1550.58,1581.44,1,17
979,211,0.0153301,-0.00227805,-4.22966,774.729,1039.28,373.041,1,16
980,-321,-0.00800023,-0.00374725,-3.19656,-6225.16,-1971.23,-43757.1,-1,17
981,321,-0.00800023,-0.00374725,-3.19656,-992.842,1065.32,-10092.5,1,18
982,321,-0.00800023,-0.00374725,-3.19656,228.859,-1068.95,-9809.29,1,16
983,211,-0.00800023,-0.00374725,-3.19656,942.795,-357.46,-10223.1,1,7
984,321,-0.00800023,-0.00374725,-3.19656,-1680.24,-968.387,454.622,1,14
985,321,-0.00800023,-0.00374725,-3.19656,-1518.45,3157.47,-22648,1,23
986,321,-0.00800023,-0.00374725,-3.19656,-806.862,-621.431,3030.26,1,22
987,321,-0.00800023,-0.00374725,-3.19656,581.428,1020.19,-1315.41,1,13
988,211,-0.00800023,-0.00374725,-3.19656,622.744,-1148.88,17285.6,1,18
989,-211,-0.00800023,-0.00374725,-3.19656,-1069.26,1090.14,28523.3,-1,20
990,211,0.00119151,-0.00819042,61.1613,202.856,1219.07,-32029.4,1,19
991,-2212,-0.00187095,0.0130456,1.76643,-186.808,-1581.53,3765.37,-1,24
992,2212,-0.00187095,0.0130456,1.76643,-71.3525,-1026.55,-21056.8,1,13
993,-211,-0.00187095,0.0130456,1.76643,798.413,640.804,3594.45,-1,20
994,211,-0.00187095,0.0130456,1.76643,-172.488,-1347.4,3876.14,1,24
995,211,-0.00187095,0.0130456,1.76643,1247.41,-652.441,-15522.6,1,15
996,-321,0.00471289,-0.0129072,13.0183,1869.86,291.238,-9317.49,-1,22
997,211,0.00471289,-0.0129072,13.0183,645.174,-921.359,9815.53,1,15
998,2212,0.00471289,-0.0129072,13.0183,1573.39,586.973,2254.51,1,15
999,-2212,0.00471289,-0.0129072,13.0183,1546.1,-8.43007,3321.48,-1,8
1001,-211,0.00471289,-0.0129072,13.0183,-1048.18,42.8831,-643.309,-1,11
1002,-211,0.00471289,-0.0129072,13.0183,1187.96,497.48,-5341.54,-1,21
1003,321,0.00471289,-0.0129072,13.0183,2616,496.182,-11879,1,21
1004,-211,0.00471289,-0.0129072,13.0183,1064.66,433.948,-6105.86,-1,21
1005,-211,0.00471289,-0.0129072,13.0183,-632.874,1173.7,22635.8,-1,17
1006,-211,0.00471289,-0.0129072,13.0183,-579.293,-856.176,2309.55,-1,19
1007,-211,0.00471289,-0.0129072,13.0183,-789.209,-719.604,860.901,-1,5
1008,-211,0.00471289,-0.0129072,13.0183,-482.124,1066.94,28985.7,-1,17
1009,211,0.00471289,-0.0129072,13.0183,999.708,390.376,1219.46,1,12
1010,211,0.00854744,-0.00883133,40.5487,1033.53,-833.025,26714.1,1,10
1011,-211,0.00854744,-0.00883133,40.5487,-14.1443,-4440.41,117097,-1,9
1012,321,0.00854744,-0.00883133,40.5487,206.086,-1247.26,32231.8,1,17
1013,-211,0.00854744,-0.00883133,40.5487,1415.33,-342.797,15720.9,-1,11
1014,211,0.00854744,-0.00883133,40.5487,-740.42,757.495,3635.14,1,21
1015,-211,0.00854744,-0.00883133,40.5487,-443.385,1026.22,4414.66,-1,14
1018,211,-0.000545356,-0.0215195,36.3265,999.862,-1228.67,-1418.03,1,14
1019,-211,-0.000545356,-0.0215195,36.3265,-1449.44,388.882,-16504.2,-1,13
1020,-211,-0.000545356,-0.0215195,36.3265,1557.86,-156.774,-25336.2,-1,13
1021,211,-0.000545356,-0.0215195,36.3265,969.188,-343.125,-25939.9,1,13
1022,211,-0.000545356,-0.0215195,36.3265,675.799,-910.251,448.485,1,12
1023,-211,-0.000545356,-0.0215195,36.3265,1362.78,-184.196,1800.76,-1,14
1024,211,-0.000545356,-0.0215195,36.3265,-1158.92,670.729,134.515,1,13
1025,-211,-0.000545356,-0.0215195,36.3265,-1984.41,-79.5569,-310.931,-1,14
1026,211,-0.000545356,-0.0215195,36.3265,995.866,-227.217,-1690.11,1,17
1027,-211,-0.000545356,-0.0215195,36.3265,1113.12,309.824,10224.8,-1,11
1031,-211,-0.000230122,-0.0123521,38.1652,-2353.04,239.56,-4118.04,-1,19
1032,211,-0.000230122,-0.0123521,38.1652,-1246.93,154.932,2932.02,1,24
1033,-211,-0.000230122,-0.0123521,38.1652,652.587,1410.92,-989.47,-1,13
1034,211,-0.000230122,-0.0123521,38.1652,-1516.78,695.915,2891.55,1,16
1035,-2212,-0.000230122,-0.0123521,38.1652,-865.936,2703.85,-16902.7,-1,16
1036,321,-0.000230122,-0.0123521,38.1652,-230.947,1467.87,-7945.23,1,21
1037,211,-0.000230122,-0.0123521,38.1652,-702.242,-730.765,-7461.3,1,24
1038,211,-0.000230122,-0.0123521,38.1652,-505.104,3159.41,6579.13,1,20
1039,-211,-0.000230122,-0.0123521,38.1652,-94.8059,1557.88,4825.5,-1,21
1040,211,-0.000230122,-0.0123521,38.1652,1067.43,1788.44,16007.5,1,13
1041,-211,-0.000230122,-0.0123521,38.1652,389.37,981.693,4167.21,-1,18
1042,2212,-0.000230122,-0.0123521,38.1652,1947.83,305.146,45877.6,1,19
1043,-211,-0.000230122,-0.0123521,38.1652,1073.77,53.2491,16460.1,-1,14
1044,-2212,-0.000230122,-0.0123521,38.1652,933.124,-1436.6,18483.6,-1,6
1045,-211,-0.000230122,-0.0123521,38.1652,-894.186,-547.724,17910.9,-1,14
1046,-211,-0.000230122,-0.0123521,38.1652,-502.103,-1258.53,10297.3,-1,12
1047,211,-0.000230122,-0.0123521,38.1652,-1988.19,454.541,19029.3,1,13
1048,2212,-0.000230122,-0.0123521,38.1652,-1150.63,-1271.41,-2941.63,1,17
1049,-321,-0.000230122,-0.0123521,38.1652,-76.0747,1300.23,-17970.1,-1,13
1050,211,-0.000230122,-0.0123521,38.1652,1397.16,1794.9,12251.2,1,17
1051,2212,-0.000230122,-0.0123521,38.1652,2802.5,-1548.45,25244.4,1,16
1052,-211,-0.000230122,-0.0123521,38.1652,824.71,-1585.73,15138.2,-1,19
1053,-211,-0.000230122,-0.0123521,38.1652,332.62,981.602,4210.6,-1,20
1054,321,0.0270452,0.00209201,-127.612,902.542,-525.578,128.086,1,13
1055,-211,0.0270452,0.00209201,-127.612,-503.907,-969.197,125.348,-1,13
1056,211,0.015852,0.00575499,-12.5607,1745.42,-371.984,-29952.6,1,14
1057,-211,0.015852,0.00575499,-12.5607,-1055.47,124.272,-3049.11,-1,23
1058,321,0.015852,0.00575499,-12.5607,452.02,-934.185,3838.24,1,23
1059,-211,0.00249725,0.0113421,-31.5101,709.523,803.586,11939.5,-1,14
1060,211,0.00249725,0.0113421,-31.5101,-1165.07,154.027,-2920.14,1,24
1061,211,0.00249725,0.0113421,-31.5101,552.936,984.623,5037.44,1,18
1063,-211,0.0176802,0.013237,-17.5401,-813.661,1722.3,3408.18,-1,16
1064,-211,0.0176802,0.013237,-17.5401,-1735.01,-852.056,-16419,-1,25
1065,-321,0.0176802,0.013237,-17.5401,1741.66,1023.99,-37140.7,-1,15
1066,-211,0.0176802,0.013237,-17.5401,3458.41,-1629.96,149.397,-1,13
1067,-211,0.0176802,0.013237,-17.5401,1088.3,292.478,-4365.63,-1,19
1068,-211,0.0176802,0.013237,-17.5401,-85.3297,-1147.37,-4065.2,-1,21
1069,-3112,0.0176802,0.013237,-17.5401,297.087,-1271.55,-4081.56,1,6
1070,211,0.0176802,0.013237,-17.5401,-1391.37,1234.05,2961.39,1,14
1071,2212,0.0176802,0.013237,-17.5401,670.579,-834.858,311.827,1,13
1072,-211,0.0176802,0.013237,-17.5401,2026.18,-1288.47,392.124,-1,13
1073,-211,0.0176802,0.013237,-17.5401,1637.54,-931.861,506.98,-1,16
1074,211,0.0176802,0.013237,-17.5401,1310.23,-411.957,-20986.8,1,12
1075,211,0.0176802,0.013237,-17.5401,1380.52,-736.168,-1580.76,1,7
1076,-211,0.0176802,0.013237,-17.5401,-1279.46,620.829,-2748.29,-1,14
1077,211,0.00772726,0.010897,70.7806,579.77,1039.85,15494.9,1,10
1078,2212,-0.00718588,-0.00159414,9.61336,-2436.58,-2378.29,2667.16,1,14
1079,-321,-0.00718588,-0.00159414,9.61336,2099.12,-714.704,4657.74,-1,20
1080,-211,-0.00718588,-0.00159414,9.61336,-89.1564,997.626,-13189.9,-1,16
1081,-211,-0.0131079,-0.004591,-32.9478,595.44,-1781.02,-5167.47,-1,21
1082,-211,0.00832117,-0.0205342,61.1496,-1230.19,-727.408,-21635.7,-1,14
1083,-321,0.00832117,-0.0205342,61.1496,-808.64,-1589.34,-13495.6,-1,22
1084,-211,0.00832117,-0.0205342,61.1496,302.116,-1166.28,-7429.26,-1,16
1085,211,0.00832117,-0.0205342,61.1496,-527.678,916.752,11610.2,1,18
1086,211,0.00832117,-0.0205342,61.1496,-713.708,-736.971,4361.64,1,26
1087,321,-0.00849327,-0.0173621,51.8483,2069.98,-502.879,4815.08,1,24
1088,2212,-0.00849327,-0.0173621,51.8483,1334.46,-599.618,3052.79,1,17
1089,211,-0.00849327,-0.0173621,51.8483,1076.02,-700.887,-434.239,1,17
1090,-321,-0.00849327,-0.0173621,51.8483,11.4984,1198.86,-1414.94,-1,13
1091,211,-0.00849327,-0.0173621,51.8483,-1009.88,22.3735,-576.854,1,13
1092,-211,-0.00849327,-0.0173621,51.8483,-201.484,-2234.78,862.608,-1,14
1093,-211,-0.00849327,-0.0173621,51.8483,-1072.09,964.172,-8612.06,-1,18
1094,-211,-0.00849327,-0.0173621,51.8483,-117.342,-1045.46,11072,-1,8
1095,-211,-0.00849327,-0.0173621,51.8483,-1027.34,41.4529,160.829,-1,13
1096,321,-0.00849327,-0.0173621,51.8483,-1213.69,133.33,1454.76,1,14
1097,-211,-0.00849327,-0.0173621,51.8483,-1618.79,-166.198,1291.73,-1,14
1098,-211,-0.00849327,-0.0173621,51.8483,83.6365,-1445.59,-1494.27,-1,15
1099,211,-0.00849327,-0.0173621,51.8483,-913.367,-749.835,454.891,1,17
1100,211,-0.00849327,-0.0173621,51.8483,-398.873,1177.47,-1100.84,1,16
1101,-2212,-0.00849327,-0.0173621,51.8483,548.5,1271.95,-8384.56,-1,16
1102,-211,-0.00849327,-0.0173621,51.8483,704.359,1246.62,-5291.7,-1,26
1103,-211,-0.00849327,-0.0173621,51.8483,1144.17,268.408,-7014.47,-1,15
1104,13,-0.234607,-0.36669,51.2243,-581.799,-1059.19,-911.224,-1,13
1105,211,-0.00849327,-0.0173621,51.8483,-624.004,-910.027,-3.32515,1,16
1106,211,0.146341,0.270973,47.9652,751.072,1137.27,-20118.6,1,9
1107,321,0.0351213,0.19592,51.4572,293.342,4641.46,-8503.86,1,20
1108,211,-0.234607,-0.36669,51.2243,-1261.69,-1766.52,-3779.43,1,16
1109,-211,0.541242,-0.540618,41.5267,1300.1,-2348.21,-36462.1,-1,14
1110,211,0.00550454,-0.023831,60.9268,-864.211,783.684,-823.979,1,14
1111,-211,0.00550454,-0.023831,60.9268,-1276.22,-864.422,-528.689,-1,17
1112,211,0.00550454,-0.023831,60.9268,-343.427,-1364.74,6275.58,1,19
1113,3112,0.00361259,-0.0120814,-30.7264,842.242,1104.36,10667.7,-1,5
1114,211,0.00361259,-0.0120814,-30.7264,1292.48,-66.9358,6205.99,1,19
1115,-2212,0.00361259,-0.0120814,-30.7264,-2098.37,88.5628,5429.45,-1,17
1119,-2212,0.00361259,-0.0120814,-30.7264,-1034.87,1207.01,8395.35,-1,17
1120,211,0.00361259,-0.0120814,-30.7264,1237.52,-724.263,14085.9,1,16
1121,-211,0.00361259,-0.0120814,-30.7264,717.833,-1164.58,15922.5,-1,13
1122,211,0.00361259,-0.0120814,-30.7264,-512.306,-2058.39,888.013,1,13
1123,211,-0.00303623,-0.0121328,-25.8054,794.9,1437.08,17964.6,1,16
1124,-211,-0.00303623,-0.0121328,-25.8054,798.955,647.163,7246.11,-1,16
1125,321,-0.00303623,-0.0121328,-25.8054,1078.72,616.279,8231.66,1,22
1126,-211,-0.00303623,-0.0121328,-25.8054,-1796.07,339.046,1089.11,-1,15
1127,-2212,-0.00303623,-0.0121328,-25.8054,-961.258,320.941,164.473,-1,13
1128,2212,-0.00303623,-0.0121328,-25.8054,750.679,-917.99,-1746.86,1,12
1129,211,-0.00303623,-0.0121328,-25.8054,-1148.58,869.029,131.929,1,14
1130,-321,-0.00303623,-0.0121328,-25.8054,606.052,-996.672,-1057.95,-1,15
1131,-211,-0.0101222,-0.0138934,23.9592,1551.62,767.829,7038.1,-1,24
1132,321,-0.0101222,-0.0138934,23.9592,1205.71,208.401,5543.3,1,11
1133,321,-0.0101222,-0.0138934,23.9592,981.983,-536.534,-562.338,1,12
1134,-211,-0.0101222,-0.0138934,23.9592,-383.725,-1008.12,-1290.08,-1,14
1135,2212,-0.0101222,-0.0138934,23.9592,-1436.21,-220.623,-11177.7,1,21
1136,-2212,-0.0101222,-0.0138934,23.9592,-1263.43,-29.7979,-28710.5,-1,12
1137,211,-0.0101222,-0.0138934,23.9592,-719.792,-813.527,10312,1,17
1138,211,-0.0101222,-0.0138934,23.9592,-1250.52,-408.744,0.282296,1,16
1139,-211,-0.0101222,-0.0138934,23.9592,-1275.56,115.62,-8080.99,-1,16
1140,211,-0.0822468,0.214802,21.443,-197.046,1108.85,-13679.7,1,19
1141,211,-0.0140586,-0.025599,23.9383,-489.708,-1912.55,-3839.42,1,15
1142,211,-0.00422458,0.00904877,27.1297,-1371.86,-118.785,1032.7,1,13
1143,-321,-0.030297,-0.0131713,27.0282,-1042.11,-152.138,-1552.46,-1,14
1144,321,0.0262952,0.0279065,26.4609,1013.74,613.263,-14439.4,1,16
1145,-211,-0.00085329,-0.0101618,18.3868,1003.39,-1757.1,-1512.93,-1,13
1146,-2212,-0.00085329,-0.0101618,18.3868,793.347,2175.02,-9178.48,-1,21
1147,2212,-0.00085329,-0.0101618,18.3868,-2429.68,745.758,2244.79,1,14
1148,211,-0.00085329,-0.0101618,18.3868,-990.935,-425.641,2404.76,1,19
1149,211,-0.00085329,-0.0101618,18.3868,196.886,1299.64,-2441.52,1,15
1150,211,0.0297035,0.0214197,-13.5227,234.477,1025.11,-13769.5,1,12
1151,-211,-0.016434,-0.00699755,-51.6224,-427.256,992.035,-308.153,-1,13
1152,-211,-0.016434,-0.00699755,-51.6224,-422.559,1148.89,-1025.83,-1,12
1153,211,-0.016434,-0.00699755,-51.6224,607.047,-1825.53,2966.93,1,12
1154,-321,-0.016434,-0.00699755,-51.6224,-541.75,1304.23,-10498.1,-1,14
1155,211,-0.016434,-0.00699755,-51.6224,731.08,1091.73,-749.071,1,16
1157,-321,-0.016434,-0.00699755,-51.6224,-19.5263,1043.96,-633.468,-1,13
1158,211,-0.016434,-0.00699755,-51.6224,373.363,1768.83,-15266.1,1,15
1159,-211,-0.016434,-0.00699755,-51.6224,-1490.97,118.621,-37632.8,-1,10
1160,211,-0.016434,-0.00699755,-51.6224,-112.166,-1079.86,-2489.64,1,22
1161,-211,-0.016434,-0.00699755,-51.6224,408.271,-1128.69,-2046.27,-1,15
1162,211,-0.016434,-0.00699755,-51.6224,1553.06,755.065,-2772.63,1,16
1163,2212,-0.0868007,0.0803564,-49.3347,-1989.66,2795.27,70735.5,1,11
1164,2212,-0.0110156,0.000142618,7.38909,4174.27,-1937.87,6640.51,1,13
1165,-211,-0.0110156,0.000142618,7.38909,-954.684,-1162.38,3042.87,-1,11
1166,321,-0.0110156,0.000142618,7.38909,2566.94,1597.13,10270.5,1,23
1167,-321,-0.0110156,0.000142618,7.38909,632.534,945.043,4533.37,-1,19
1168,211,-0.0110156,0.000142618,7.38909,-1236.7,-2599.11,-1461.91,1,13
1169,-211,-0.0110156,0.000142618,7.38909,723.146,-1271.58,-6765.17,-1,19
1170,2212,-0.0110156,0.000142618,7.38909,308.892,-1100.54,-3000.32,1,20
1171,-211,-0.0110156,0.000142618,7.38909,-700.958,-1471.72,-3538.71,-1,19
1172,3312,-0.0110156,0.000142618,7.38909,-984.76,-2125.05,-2550.42,-1,6
1174,-211,-0.0110156,0.000142618,7.38909,-516.045,-1376.22,-1637.44,-1,13
1176,-211,-0.0110156,0.000142618,7.38909,1306.47,981.247,-25585.4,-1,12
1177,2212,-0.0110156,0.000142618,7.38909,-1737.3,338.38,-1344.35,1,15
1178,-2212,-0.0110156,0.000142618,7.38909,-1665.13,344.576,-876.453,-1,15
1179,2212,-0.0110156,0.000142618,7.38909,-1803.38,-1865.76,4439.32,1,15
1180,211,-0.0110156,0.000142618,7.38909,-1483.9,-1506.67,30273.4,1,19
1181,-211,-0.0110156,0.000142618,7.38909,1081.96,2076.99,303.934,-1,14
1182,211,-0.0110156,0.000142618,7.38909,1308.43,135.075,-408.861,1,12
1183,-321,-0.0110156,0.000142618,7.38909,-587.808,-1736.89,10055.9,-1,18
1184,211,-0.0110156,0.000142618,7.38909,-1925.77,74.0682,11700.9,1,17
1185,-211,-0.0110156,0.000142618,7.38909,-967.323,691.029,8643.13,-1,9
1186,-211,-0.0110156,0.000142618,7.38909,1318.34,-105.713,751.298,-1,12
1187,211,-0.0110156,0.000142618,7.38909,1218.03,-1527.19,19215,1,13
1188,-211,-0.0110156,0.000142618,7.38909,1006.23,-553.524,4860.54,-1,21
1189,211,-0.0110156,0.000142618,7.38909,278.998,-1205.59,-1164.87,1,13
1190,2212,-0.0110156,0.000142618,7.38909,-876.966,-2340.44,1697.34,1,15
1191,-211,-0.0110156,0.000142618,7.38909,925.962,601.6,-3361.09,-1,24
1192,-211,-0.0110156,0.000142618,7.38909,512.295,882.781,-4590.73,-1,23
1193,-211,-0.0110156,0.000142618,7.38909,-455.667,1147.14,-6233.96,-1,19
1194,211,-0.0110156,0.000142618,7.38909,206.56,2457.13,-13804.6,1,18
1195,-211,-0.0110156,0.000142618,7.38909,-557.49,930.013,7346.01,-1,8
1196,211,-0.0110156,0.000142618,7.38909,-1160.39,352.953,1628.14,1,12
1197,211,-0.0110156,0.000142618,7.38909,-922.986,837.085,2895.79,1,18
1198,211,-0.0110156,0.000142618,7.38909,137.351,1396.71,-1735.42,1,14
1199,-211,-0.0110156,0.000142618,7.38909,-79.3846,2125.48,-2324.83,-1,16
1200,-211,-0.0110156,0.000142618,7.38909,580.542,1773.7,11858.1,-1,18
1201,211,-0.0110156,0.000142618,7.38909,-1434.03,1825.37,24978.4,1,12
1202,211,-0.0110156,0.000142618,7.38909,-20.8936,1725.25,-4538.95,1,13
1203,211,0.000304365,0.0098524,10.0734,507.978,908.186,-790.385,1,13
1204,211,0.000304365,0.0098524,10.0734,-42.0346,-1194.72,3589.73,1,22
1205,-211,0.000304365,0.0098524,10.0734,1033.68,701.805,32838.1,-1,9
1206,211,0.000304365,0.0098524,10.0734,722.772,691.858,557.845,1,13
1207,-2212,0.000304365,0.0098524,10.0734,-1574.33,25.7097,367.126,-1,13
1208,-211,0.000304365,0.0098524,10.0734,-1111.49,451.028,1442.91,-1,13
1209,211,0.000304365,0.0098524,10.0734,48.2429,1173.03,1814.05,1,17
1210,-321,0.000304365,0.0098524,10.0734,621.661,987.419,9811.5,-1,17
1211,-211,0.000304365,0.0098524,10.0734,950.652,508.712,6396.48,-1,18
1212,-211,0.000304365,0.0098524,10.0734,-1213.25,-2335.3,10819.4,-1,22
1213,-211,0.000304365,0.0098524,10.0734,-243.168,-1135.61,7363.49,-1,22
1214,321,0.000304365,0.0098524,10.0734,-1058.14,-1687.1,12167.4,1,17
1215,211,0.000304365,0.0098524,10.0734,-1004.36,494.186,-299.159,1,13
1216,-211,0.000304365,0.0098524,10.0734,-244.279,1121.63,-1598.82,-1,12
1217,211,0.000304365,0.0098524,10.0734,5.59837,1125.3,-829.838,1,16
1218,-211,0.000304365,0.0098524,10.0734,747.733,805.099,-764.547,-1,13
1219,211,0.000304365,0.0098524,10.0734,-655.232,1968.39,-3130.44,1,13
1220,-211,0.000304365,0.0098524,10.0734,-881.478,-1195.32,2932.71,-1,13
1221,211,0.000304365,0.0098524,10.0734,-843.15,-554.615,3172.16,1,26
1222,211,0.000304365,0.0098524,10.0734,400.656,1220.11,5999.39,1,19
1223,211,0.000304365,0.0098524,10.0734,988.149,640.867,5214.5,1,18
1224,-211,0.000304365,0.0098524,10.0734,-1085.47,14.2364,7997.89,-1,14
1225,211,0.000304365,0.0098524,10.0734,-1121.6,-700.446,4058.87,1,28
1226,-2212,0.000304365,0.0098524,10.0734,1213.73,2133.19,-42492.3,-1,19
1228,211,0.000304365,0.0098524,10.0734,-724.498,-1970.87,3321.57,1,15
1229,-2212,-0.00117033,-0.0132579,73.2676,-791.913,-1244.51,-3855.15,-1,17
1231,211,-0.00117033,-0.0132579,73.2676,-1225.32,687.94,-935.059,1,15
1232,-211,-0.00433875,-0.00499271,-26.981,-8530.33,2955.52,-14949.9,-1,15
1233,211,-0.00433875,-0.00499271,-26.981,-1890.41,705.157,-4636.67,1,7
1234,211,-0.00433875,-0.00499271,-26.981,-1079.71,-1177.02,2120.07,1,15
1235,2212,-0.00433875,-0.00499271,-26.981,1240,-869.389,-1699.73,1,13
1236,211,-0.00433875,-0.00499271,-26.981,3342.12,-1877.47,-10284.2,1,21
1237,-321,-0.00433875,-0.00499271,-26.981,120.389,4135.42,11652,-1,21
1238,2212,-0.00433875,-0.00499271,-26.981,-334.406,1750.1,5775.77,1,26
1239,-321,-0.00433875,-0.00499271,-26.981,-1581.41,-1569.49,3226.32,-1,12
1240,211,-0.00433875,-0.00499271,-26.981,-1879.93,-921.348,2617.76,1,14
1241,-211,-0.00433875,-0.00499271,-26.981,-1952.98,-946.233,2544.24,-1,15
1242,211,-0.00433875,-0.00499271,-26.981,1058.01,-2.53689,-2284.29,1,21
1243,211,-0.00433875,-0.00499271,-26.981,-1182.12,174.983,-2231.65,1,14
1245,-2212,-0.00433875,-0.00499271,-26.981,2020.38,-597.477,-3145.58,-1,13
1246,211,-0.00433875,-0.00499271,-26.981,1792.93,-787.854,-4672.16,1,19
1247,-211,-0.00433875,-0.00499271,-26.981,2476.65,-682.996,-7260.55,-1,22
1248,-2212,7.22296,-8.06916,125.883,828.781,-1167.66,18788.3,-1,12
1249,2212,-0.00393095,0.00599546,113.312,-796.017,674.445,-7390.1,1,18
1250,-2212,-0.0017853,-0.00595591,-28.8842,-656.695,-999.88,19134.4,-1,14
1251,211,0.00603327,-0.00763627,-107.955,217.15,1444.68,26165.9,1,21
1252,-211,0.00603327,-0.00763627,-107.955,52.0036,-1305.94,-4950.3,-1,19
1253,211,0.00603327,-0.00763627,-107.955,456.532,1013.4,-181.833,1,16
1254,211,0.00603327,-0.00763627,-107.955,695.423,770.512,-424.972,1,14
1255,-211,0.00603327,-0.00763627,-107.955,454.789,-1519.8,-333.694,-1,13
1256,-2212,0.00603327,-0.00763627,-107.955,-614.842,-948.651,-29354.2,-1,9
1257,-2212,0.00603327,-0.00763627,-107.955,1085.79,691.088,-17412.7,-1,10
1258,-211,0.00603327,-0.00763627,-107.955,-1107.76,513.698,669.373,-1,13
1259,321,0.00603327,-0.00763627,-107.955,-1125.11,-493.151,14518.5,1,18
1260,211,0.00603327,-0.00763627,-107.955,-969.672,459.816,-1011.09,1,15
1261,211,0.00603327,-0.00763627,-107.955,899.368,740.859,-6685.49,1,10
1262,-211,0.00603327,-0.00763627,-107.955,1266.42,-131.457,13388.9,-1,19
1263,-211,0.00603327,-0.00763627,-107.955,1104.16,-1541.37,14199.3,-1,10
1264,211,0.00603327,-0.00763627,-107.955,704.905,859.124,676.593,1,16
1265,211,0.00603327,-0.00763627,-107.955,341.723,-968.047,263.692,1,17
1266,321,0.00603327,-0.00763627,-107.955,354.728,-1205.7,-3261.04,1,20
1267,211,0.00603327,-0.00763627,-107.955,-272.913,1561.88,-32745.6,1,18
1268,211,0.00603327,-0.00763627,-107.955,25.8095,1234.09,-14188.7,1,11
1269,211,-0.0167496,0.0104399,-146.302,1246.96,-164.178,-4203.46,1,23
1270,-211,-0.0167496,0.0104399,-146.302,1506.34,-468.708,-17853.6,-1,10
1271,-211,-0.0167496,0.0104399,-146.302,-934.599,-530.428,830.371,-1,10
1272,2212,-0.0167496,0.0104399,-146.302,2101.93,-20.5139,7039.09,1,23
1273,-211,-0.0167496,0.0104399,-146.302,828.649,-802.203,-11011.4,-1,13
1274,211,-0.0167496,0.0104399,-146.302,1852.54,-692.473,-37302.4,1,10
1275,-2212,-0.0167496,0.0104399,-146.302,-766.534,690.984,-6478.81,-1,10
1276,211,-0.0167496,0.0104399,-146.302,-658.599,-863.341,675.237,1,15
1277,211,-0.0167496,0.0104399,-146.302,-709.285,1797.51,-6027.74,1,22
1278,-11,-0.433652,-0.670896,-148.674,-1249.7,-88.3281,-2014.37,1,15
1279,13,-0.533848,-0.811329,-149.197,-1721.32,-2465.21,-8671.47,-1,21
1280,-11,0.341623,0.170895,-146.637,993.523,190.426,-492.571,1,15
1281,211,-0.0117307,-0.00519514,-12.2234,-438.144,1393.08,637.472,1,15
1282,-211,-0.0117307,-0.00519514,-12.2234,-263.843,-2316,2185.54,-1,13
1283,-321,-0.0117307,-0.00519514,-12.2234,-163.599,1230.78,344.232,-1,14
1284,211,-0.0117307,-0.00519514,-12.2234,-416.257,1541.43,1048.53,1,18
